Feature,MI Score
feature_411,0.03957240373526982
feature_588,0.027671479026466272
feature_541,0.0262487192830565
feature_128,0.02587482327809476
feature_274,0.02569302321076483
feature_406,0.025578610837698745
feature_267,0.024896278891350043
feature_443,0.024704910927315193
feature_138,0.024174498567854252
feature_577,0.02366826857709725
feature_269,0.023482966241872294
feature_415,0.022919992735410233
feature_91,0.022814764185985936
feature_412,0.022800300294251175
feature_413,0.022595740011251086
feature_277,0.022538403194838574
feature_571,0.021826178830328224
feature_131,0.02142482462519335
feature_84,0.021059698672001748
feature_288,0.020698633295090474
feature_70,0.02067769561458488
feature_573,0.020529247421054775
feature_103,0.02038397138526271
feature_448,0.020297531515406142
feature_570,0.02028860874855698
feature_40,0.019911291624588934
feature_132,0.01975089135143815
feature_338,0.01970511731622815
feature_589,0.019516442134484446
feature_275,0.019254848357526777
feature_174,0.0189826460021163
feature_41,0.01862798049558867
feature_331,0.018626494709235608
feature_6,0.018467245552847844
feature_539,0.018278228080624626
feature_33,0.018248812958327587
feature_172,0.01814524347919866
feature_130,0.017892757765008094
feature_416,0.017471881085912466
feature_307,0.01740978885936295
feature_312,0.017123353727554136
feature_540,0.016593066787350175
feature_405,0.016490375505035626
feature_134,0.016404855287065034
feature_510,0.016340523789174943
feature_428,0.01613449343410922
feature_270,0.016092449944116627
feature_137,0.01606746612826826
feature_289,0.015612441725484594
feature_35,0.015535945374398175
feature_574,0.015393640464288483
feature_309,0.015095723776236358
feature_182,0.014985795373072985
feature_78,0.014873614671097046
feature_65,0.01486737485477252
feature_9,0.014820231534141248
feature_212,0.014721863424269399
feature_320,0.014594432332070806
feature_477,0.014594318788067273
feature_2,0.014395905507452733
feature_125,0.01417830971392875
feature_344,0.014167588492224548
feature_339,0.013738383202491988
feature_447,0.01363655927629992
feature_127,0.013582708732390314
feature_576,0.013217626587117115
feature_572,0.012879179284259745
feature_37,0.01287154776374444
feature_497,0.012676761180658191
feature_3,0.012605112176585553
feature_126,0.012560235155535171
feature_121,0.012542008216317901
feature_407,0.012435052537312474
feature_26,0.01240201157467058
feature_442,0.012308050393931458
feature_551,0.012245427181478696
feature_433,0.012237148141547305
feature_323,0.012014421063460956
feature_282,0.011936710524031335
feature_15,0.011689720769602507
feature_133,0.011578703472100438
feature_575,0.011570841078609506
feature_569,0.011551644210500589
feature_489,0.011159872104846036
feature_305,0.010750151193414492
feature_225,0.010711058449292432
feature_586,0.010669320933005988
feature_63,0.010654856437677829
feature_452,0.010612187101876502
feature_268,0.010566571617774745
feature_273,0.010278890116247608
feature_129,0.009906975254211803
feature_142,0.009887490131314403
feature_495,0.009818775564038207
feature_83,0.009753033886359619
feature_14,0.009708230009843666
feature_195,0.009644666072962993
feature_122,0.00963311944692502
feature_239,0.009463262287452645
feature_308,0.009400210098645445
feature_377,0.009363572377167229
feature_173,0.009103760778183645
feature_482,0.009087009258960999
feature_170,0.009054225178125819
feature_27,0.008999192998941918
feature_147,0.008980100130596913
feature_175,0.00897010435193657
feature_417,0.008863943968390187
feature_253,0.0088633286406532
feature_386,0.008735001255721464
feature_333,0.008720948657546579
feature_115,0.008706169249055318
feature_424,0.008681714319245248
feature_177,0.00854873798814526
feature_36,0.008419022091750827
feature_319,0.00834076032321418
feature_140,0.008304457408914612
feature_522,0.00822472099938043
feature_485,0.00821683640309634
feature_228,0.0081942604544043
feature_585,0.00795208908135736
feature_432,0.007873997975208935
feature_511,0.00779366921796476
feature_38,0.007588655608803396
feature_58,0.007473896464079921
feature_79,0.007379645014195635
feature_425,0.007256159140055285
feature_61,0.007131143372666404
feature_24,0.007090104341149539
feature_366,0.007068149449615646
feature_64,0.006769180991764712
feature_155,0.006646374493488594
feature_467,0.006476998941881584
feature_583,0.006381235237136629
feature_119,0.006376364889190134
feature_154,0.006227228014680897
feature_56,0.0062268731281636125
feature_547,0.006078491228893812
feature_526,0.00585397791416753
feature_12,0.005844556071107787
feature_113,0.005832007598512323
feature_546,0.005797999550892774
feature_363,0.005726063279316129
feature_19,0.005692269737814781
feature_22,0.005586747980624196
feature_480,0.005505510747460418
feature_200,0.0054436342962822515
feature_28,0.005376104207091448
feature_117,0.0053413824533983245
feature_82,0.005338399265629956
feature_355,0.005328175776531996
feature_455,0.005244408383612953
feature_51,0.005201844882292583
feature_311,0.005124383678059452
feature_321,0.005115195879290102
feature_92,0.004925700714038195
feature_210,0.0049066634818122346
feature_180,0.004896214595110582
feature_99,0.004784485862178167
feature_387,0.004752405529413695
feature_549,0.0046805814335042495
feature_168,0.0046326689140683275
feature_250,0.00457035400414485
feature_143,0.004556763067562697
feature_490,0.004543724095281476
feature_11,0.004502273571381998
feature_160,0.004463201660328542
feature_483,0.004454461099921092
feature_106,0.004411319207343389
feature_474,0.004393414794188644
feature_171,0.004378764402356072
feature_39,0.004364885024219056
feature_80,0.004337908039781624
feature_429,0.0041054390207759806
feature_542,0.004076104885873955
feature_211,0.00404497774064172
feature_4,0.004038580765397315
feature_89,0.003938471740346783
feature_217,0.003911581692629396
feature_153,0.0038409332969833176
feature_21,0.0038067598258018087
feature_135,0.003797745772866845
feature_43,0.0037718844788596773
feature_249,0.0037424559181491457
feature_123,0.003687851230997019
feature_543,0.0036354734892325435
feature_352,0.0036007396017538884
feature_421,0.0035239158286142214
feature_567,0.003494210619827909
feature_459,0.003487110624645684
feature_57,0.003482444110858518
feature_278,0.003462919166364431
feature_136,0.003453350211503059
feature_470,0.003391515063774886
feature_159,0.0033773174712772303
feature_32,0.003370951974856151
feature_184,0.003350962035476135
feature_166,0.0032914748306669406
feature_291,0.0031949590086128854
feature_187,0.003090993052369706
feature_296,0.003084655725777985
feature_55,0.003005853915391876
feature_87,0.0029928807351800035
feature_446,0.0029785228708227862
feature_62,0.0029581990409770498
feature_559,0.0029520475348525643
feature_341,0.002886031637872488
feature_30,0.0028621171925578004
feature_176,0.002801175889015184
feature_343,0.002793995834290852
feature_290,0.0027799732979520986
feature_139,0.002778442934161962
feature_59,0.002763658003001712
feature_562,0.0026682245324340936
feature_197,0.002664042866474814
feature_7,0.0025807458032287567
feature_408,0.0025211255284405265
feature_25,0.002490284377369534
feature_297,0.002433738833542254
feature_563,0.0024013057079317335
feature_223,0.0023946719009007023
feature_587,0.002333486729578116
feature_456,0.002312505074375304
feature_98,0.002277316379214467
feature_438,0.002226023680512723
feature_410,0.0022052720191747532
feature_561,0.002200803846911903
feature_118,0.0021804241631848686
feature_500,0.002178249758286288
feature_206,0.00215509963558147
feature_493,0.0021542574384896263
feature_20,0.0021136996961774734
feature_203,0.002055789961884047
feature_454,0.0019584464369546417
feature_114,0.0018390404657186998
feature_564,0.001791708647704171
feature_181,0.0017539054205326643
feature_351,0.0017338294881201755
feature_213,0.0017015366850516855
feature_475,0.001638555921597673
feature_353,0.0015887521859807574
feature_469,0.0015736245803259497
feature_444,0.001539722598371096
feature_484,0.0015189966513968756
feature_437,0.0015076049578486295
feature_295,0.0014639661915867297
feature_227,0.0014586919029213608
feature_31,0.0013854093559895198
feature_221,0.0013844960020479302
feature_553,0.0013831068182972306
feature_0,0.0013589194416925299
feature_430,0.0013033733646536927
feature_566,0.0012255675745231898
feature_146,0.0012155217446498945
feature_34,0.0011751710160687878
feature_440,0.0011270862581578278
feature_116,0.001015667018378963
feature_334,0.000997924013388607
feature_390,0.000952659980607784
feature_550,0.0009360654846157779
feature_196,0.0008145064027667015
feature_102,0.0007973310104494313
feature_427,0.0007541274628797279
feature_324,0.000554422570482549
feature_124,0.0005031541421656183
feature_224,0.00047372085852059875
feature_201,0.00042510703104459147
feature_479,0.0003758375318969609
feature_165,0.00029222708846887713
feature_337,0.00020209547000926698
feature_544,0.00018935542169606912
feature_332,7.936226816540604e-05
feature_105,6.51012262566919e-05
feature_525,3.938747923748487e-05
feature_376,1.1946782843663684e-05
feature_17,0.0
feature_16,0.0
feature_301,0.0
feature_18,0.0
feature_582,0.0
feature_568,0.0
feature_565,0.0
feature_318,0.0
feature_302,0.0
feature_303,0.0
feature_304,0.0
feature_317,0.0
feature_316,0.0
feature_354,0.0
feature_350,0.0
feature_272,0.0
feature_271,0.0
feature_255,0.0
feature_254,0.0
feature_349,0.0
feature_348,0.0
feature_347,0.0
feature_342,0.0
feature_336,0.0
feature_298,0.0
feature_299,0.0
feature_335,0.0
feature_286,0.0
feature_285,0.0
feature_283,0.0
feature_281,0.0
feature_280,0.0
feature_279,0.0
feature_310,0.0
feature_306,0.0
feature_300,0.0
feature_527,0.0
feature_10,0.0
feature_584,0.0
feature_29,0.0
feature_214,0.0
feature_215,0.0
feature_216,0.0
feature_218,0.0
feature_219,0.0
feature_222,0.0
feature_238,0.0
feature_340,0.0
feature_367,0.0
feature_368,0.0
feature_287,0.0
feature_252,0.0
feature_251,0.0
feature_248,0.0
feature_294,0.0
feature_198,0.0
feature_199,0.0
feature_188,0.0
feature_185,0.0
feature_356,0.0
feature_409,0.0
feature_183,0.0
feature_357,0.0
feature_208,0.0
feature_209,0.0
feature_207,0.0
feature_205,0.0
feature_360,0.0
feature_359,0.0
feature_60,0.0
feature_365,0.0
feature_167,0.0
feature_169,0.0
feature_431,0.0
feature_388,0.0
feature_162,0.0
feature_161,0.0
feature_156,0.0
feature_163,0.0
feature_426,0.0
feature_423,0.0
feature_419,0.0
feature_420,0.0
feature_418,0.0
feature_445,0.0
feature_441,0.0
feature_164,0.0
feature_439,0.0
feature_436,0.0
feature_434,0.0
feature_435,0.0
feature_472,0.0
feature_471,0.0
feature_468,0.0
feature_473,0.0
feature_392,0.0
feature_393,0.0
feature_389,0.0
feature_391,0.0
feature_202,0.0
feature_204,0.0
feature_362,0.0
feature_361,0.0
feature_145,0.0
feature_76,0.0
feature_77,0.0
feature_81,0.0
feature_46,0.0
feature_45,0.0
feature_47,0.0
feature_48,0.0
feature_120,0.0
feature_152,0.0
feature_151,0.0
feature_453,0.0
feature_491,0.0
feature_144,0.0
feature_457,0.0
feature_460,0.0
feature_50,0.0
feature_53,0.0
feature_54,0.0
feature_148,0.0
feature_150,0.0
feature_524,0.0
feature_478,0.0
feature_476,0.0
feature_520,0.0
feature_521,0.0
feature_523,0.0
feature_108,0.0
feature_104,0.0
feature_488,0.0
feature_487,0.0
feature_486,0.0
feature_100,0.0
feature_101,0.0
feature_107,0.0
feature_90,0.0
feature_88,0.0
feature_86,0.0
feature_499,0.0
feature_94,0.0
feature_496,0.0
feature_494,0.0
feature_552,0.0
feature_548,0.0
feature_23,0.0
feature_75,0.0
feature_74,0.0
feature_93,0.0
feature_71,0.0
feature_68,0.0
feature_66,0.0
feature_67,0.0
feature_95,0.0
feature_560,0.0
feature_558,0.0
feature_96,0.0
feature_557,0.0
feature_556,0.0
feature_554,0.0
feature_555,0.0
feature_44,0.0
feature_545,0.0
feature_8,0.0
feature_1,0.0
