Threshold,Precision,Recall,F2
0.0034883705,0.06624102154828412,1.0,0.26182965299663846
0.0042692195,0.06629392971246006,1.0,0.2619949494947424
0.0054783886,0.06634692246203037,1.0,0.26216045483238914
0.00680789,0.0664,1.0,0.26232616940560816
0.007066612,0.06645316253002402,1.0,0.26249209361143083
0.007102976,0.06650641025641026,1.0,0.2626582278478938
0.007104742,0.06655974338412189,1.0,0.26282457251404195
0.0073563484,0.0666131621187801,1.0,0.26299112800993174
0.0073938044,0.06666666666666667,1.0,0.2631578947366343
0.007457491,0.06672025723472669,1.0,0.2633248730962388
0.007466419,0.0667739340305712,1.0,0.26349206349185555
0.007482305,0.06682769726247988,1.0,0.26365946632761916
0.0074888803,0.06688154713940371,1.0,0.26382708200869204
0.0075145415,0.06693548387096775,1.0,0.2639949109412676
0.007612884,0.06698950766747377,1.0,0.26416295353257335
0.008088166,0.06704361873990307,1.0,0.26433121019087435
0.0081184935,0.06709781729991916,1.0,0.26449968132547663
0.008127068,0.06715210355987054,1.0,0.2646683673467301
0.008475023,0.06720647773279352,1.0,0.26483726866603247
0.008982932,0.06726094003241491,1.0,0.265006385695832
0.009066726,0.06731549067315491,1.0,0.2651757188496313
0.009208888,0.06737012987012987,1.0,0.2653452685419905
0.009387605,0.06742485783915515,1.0,0.2655150351885305
0.0094215395,0.06747967479674796,1.0,0.26568501920593673
0.0095768785,0.06753458096013018,1.0,0.26585522101196235
0.009638717,0.06758957654723127,1.0,0.2660256410254316
0.009692783,0.06764466177669112,1.0,0.2661962796662433
0.009886645,0.06769983686786298,1.0,0.2663671373553745
0.00995654,0.06775510204081632,1.0,0.2665382145148834
0.009959816,0.06781045751633986,1.0,0.26670951156791356
0.010043238,0.0678659035159444,1.0,0.26688102893869686
0.010052064,0.06792144026186579,1.0,0.26705276705255704
0.010139098,0.06797706797706797,1.0,0.2672247263359135
0.010451565,0.0680327868852459,1.0,0.2673969072162846
0.010524468,0.06808859721082855,1.0,0.2675693101222913
0.010614205,0.06814449917898194,1.0,0.26774193548366054
0.010643644,0.06820049301561217,1.0,0.2679147837312291
0.010690344,0.06825657894736842,1.0,0.268087855296947
0.010921657,0.06831275720164609,1.0,0.26826115061388106
0.010953175,0.06836902800658978,1.0,0.2684346701162187
0.011007527,0.06842539159109645,1.0,0.2686084142392713
0.011033528,0.06848184818481848,1.0,0.2687823834194781
0.011069356,0.0685383980181668,1.0,0.26895657809440976
0.011413663,0.06859504132231405,1.0,0.2691309987027719
0.011611407,0.06865177832919768,1.0,0.26930564568440907
0.011635663,0.06870860927152318,1.0,0.2694805194803081
0.011750917,0.0687655343827672,1.0,0.269655620532602
0.011783216,0.06882255389718077,1.0,0.26983094928457385
0.011924986,0.06887966804979254,1.0,0.27000650618066013
0.012010513,0.06893687707641195,1.0,0.27018229166645485
0.012086029,0.06899418121363259,1.0,0.2703583061887132
0.012089942,0.06821963394342762,0.9879518072289156,0.2672750977833603
0.012178755,0.06827643630308076,0.9879518072289156,0.26744944553142525
0.01222729,0.06833333333333333,0.9879518072289156,0.26762402088751625
0.012495723,0.06839032527105922,0.9879518072289156,0.26779882429763224
0.012605414,0.06844741235392321,0.9879518072289156,0.26797385620893793
0.012623642,0.06850459482038429,0.9879518072289156,0.26814911706976785
0.012646509,0.06856187290969899,0.9879518072289156,0.2683246073296303
0.012660317,0.06861924686192468,0.9879518072289156,0.26850032743921093
0.012667955,0.06867671691792294,0.9879518072289156,0.26867627785037695
0.012670991,0.06873428331936295,0.9879518072289156,0.2688524590161805
0.012741104,0.06879194630872483,0.9879518072289156,0.26902887139086307
0.01294506,0.0688497061293031,0.9879518072289156,0.2692055154298591
0.012967987,0.06890756302521009,0.9879518072289156,0.26938239158979993
0.013006856,0.06896551724137931,0.9879518072289156,0.26955950032851783
0.013112982,0.06902356902356903,0.9879518072289156,0.2697368421050498
0.013128751,0.06908171861836562,0.9879518072289156,0.2699144173796416
0.013183701,0.06913996627318718,0.9879518072289156,0.27009222661375215
0.013186759,0.06919831223628692,0.9879518072289156,0.27027027027005657
0.013232811,0.06925675675675676,0.9879518072289156,0.27044854881245106
0.013553534,0.06931530008453085,0.9879518072289156,0.27062706270605663
0.013559967,0.06937394247038917,0.9879518072289156,0.27080581241722324
0.013826525,0.06943268416596104,0.9879518072289156,0.2709847984135334
0.01399505,0.06949152542372881,0.9879518072289156,0.27116402116380695
0.014139745,0.06955046649703138,0.9879518072289156,0.27134348113810464
0.014208327,0.06960950764006792,0.9879518072289156,0.2715231788077326
0.014258089,0.06966864910790145,0.9879518072289156,0.27170311464524605
0.014329863,0.06972789115646258,0.9879518072289156,0.2718832891244538
0.0143506685,0.06978723404255319,0.9879518072289156,0.27206370272042224
0.014467814,0.06984667802385008,0.9879518072289156,0.27224435590947965
0.014874028,0.06990622335890878,0.9879518072289156,0.2724252491692203
0.014932918,0.06996587030716724,0.9879518072289156,0.2726063829785083
0.014989974,0.07002561912894961,0.9879518072289156,0.27278775781748277
0.015076309,0.07008547008547009,0.9879518072289156,0.272969374167561
0.015181618,0.07014542343883662,0.9879518072289156,0.2731512325114435
0.015199266,0.0702054794520548,0.9879518072289156,0.27333333333311793
0.015248514,0.0702656383890317,0.9879518072289156,0.2735156771178632
0.015259753,0.07032590051457976,0.9879518072289156,0.27369826435225436
0.015286158,0.0703862660944206,0.9879518072289156,0.27388109552416634
0.015341135,0.070446735395189,0.9879518072289156,0.27406417112277875
0.015408355,0.0705073086844368,0.9879518072289156,0.27424749163858003
0.015443277,0.07056798623063683,0.9879518072289156,0.2744310575633716
0.015649965,0.07062876830318691,0.9879518072289156,0.2746148693902728
0.015669884,0.0706896551724138,0.9879518072289156,0.27479892761372476
0.015691618,0.07075064710957722,0.9879518072289156,0.2749832327294952
0.01572639,0.07081174438687392,0.9879518072289156,0.2751677852346828
0.015734902,0.07087294727744166,0.9879518072289156,0.27535258562772164
0.015920796,0.07093425605536333,0.9879518072289156,0.27553763440838547
0.015928404,0.070995670995671,0.9879518072289156,0.2757229320777926
0.015996374,0.07105719237435008,0.9879518072289156,0.2759084791384103
0.01618748,0.07111882046834345,0.9879518072289156,0.27609427609405907
0.016224107,0.07118055555555555,0.9879518072289156,0.27628032344991765
0.016278995,0.07124239791485665,0.9879518072289156,0.2764666217125272
0.01639881,0.07130434782608695,0.9879518072289156,0.2766531713897962
0.016643776,0.07136640557006092,0.9879518072289156,0.2768399729910047
0.01665244,0.07142857142857142,0.9879518072289156,0.2770270270268095
0.016705306,0.07149084568439407,0.9879518072289156,0.2772143340092482
0.016750578,0.07155322862129145,0.9879518072289156,0.27740189445174435
0.016787654,0.07161572052401746,0.9879518072289156,0.27758970886911183
0.016816169,0.07167832167832168,0.9879518072289156,0.2777777777775598
0.016877638,0.07174103237095363,0.9879518072289156,0.2779661016946972
0.016925098,0.07180385288966724,0.9879518072289156,0.27815468113953756
0.016945627,0.07186678352322524,0.9879518072289156,0.27834351663250406
0.01695927,0.07192982456140351,0.9879518072289156,0.27853260869543384
0.016995296,0.07199297629499561,0.9879518072289156,0.27872195785158305
0.017023064,0.07205623901581722,0.9879518072289156,0.2789115646256317
0.017067926,0.07211961301671065,0.9879518072289156,0.2791014295436888
0.017159034,0.0721830985915493,0.9879518072289156,0.27929155313329623
0.017171444,0.0722466960352423,0.9879518072289156,0.27948193592343484
0.017178101,0.07231040564373897,0.9879518072289156,0.2796725784445286
0.017256366,0.07237422771403354,0.9879518072289156,0.27986348122844984
0.017325398,0.07243816254416961,0.9879518072289156,0.280054644808524
0.017355185,0.07250221043324491,0.9879518072289156,0.2802460697195346
0.017603366,0.07256637168141593,0.9879518072289156,0.2804377564977286
0.017643347,0.07263064658990256,0.9879518072289156,0.28062970568082085
0.017858932,0.0726950354609929,0.9879518072289156,0.28082191780799953
0.017927634,0.07275953859804792,0.9879518072289156,0.281014393419931
0.01797257,0.07282415630550622,0.9879518072289156,0.28120713305876505
0.018001912,0.07288888888888889,0.9879518072289156,0.2814001372681397
0.018017732,0.07295373665480427,0.9879518072289156,0.28159340659318655
0.018054899,0.0730186999109528,0.9879518072289156,0.28178694158053585
0.018210568,0.07308377896613191,0.9879518072289156,0.28198074277832175
0.018211221,0.07314897413024085,0.9879518072289156,0.282174810736187
0.018227711,0.07321428571428572,0.9879518072289156,0.2823691460052892
0.018262312,0.07327971403038427,0.9879518072289156,0.28256374913830457
0.01845186,0.07334525939177101,0.9879518072289156,0.28275862068943447
0.018656384,0.07341092211280215,0.9879518072289156,0.28295376121440996
0.018690571,0.07347670250896057,0.9879518072289156,0.28314917127049727
0.018744364,0.07354260089686099,0.9879518072289156,0.28334485141650323
0.018817544,0.07360861759425494,0.9879518072289156,0.2835408022127803
0.0188248,0.07367475292003593,0.9879518072289156,0.28373702422123204
0.018894201,0.0737410071942446,0.9879518072289156,0.2839335180053188
0.01892299,0.0738073807380738,0.9879518072289156,0.2841302841300627
0.01898896,0.07387387387387387,0.9879518072289156,0.2843273231620531
0.01899091,0.0739404869251578,0.9879518072289156,0.2845246356694522
0.019229712,0.0740072202166065,0.9879518072289156,0.2847222222220004
0.01926631,0.07407407407407407,0.9879518072289156,0.28492008339102204
0.019339189,0.07414104882459313,0.9879518072289156,0.28511821974943036
0.019357573,0.07420814479638009,0.9879518072289156,0.2853166318717334
0.019456811,0.07427536231884058,0.9879518072289156,0.28551532033403965
0.019470658,0.0743427017225748,0.9879518072289156,0.2857142857140634
0.01951719,0.07441016333938294,0.9879518072289156,0.2859135285911304
0.019551974,0.07447774750227067,0.9879518072289156,0.2861130495461836
0.019590246,0.07454545454545454,0.9879518072289156,0.2863128491617885
0.019630482,0.0746132848043676,0.9879518072289156,0.2865129280221392
0.019663077,0.07468123861566485,0.9879518072289156,0.28671328671306384
0.019727657,0.07383773928896992,0.9759036144578314,0.28341497550712486
0.019743431,0.0739051094890511,0.9759036144578314,0.2836134453779282
0.01976628,0.07397260273972603,0.9759036144578314,0.2838121934125309
0.019777693,0.0740402193784278,0.9759036144578314,0.2840112201961302
0.01991118,0.07410795974382434,0.9759036144578314,0.28421052631556604
0.01994858,0.07417582417582418,0.9759036144578314,0.28441011235932706
0.019992901,0.07424381301558204,0.9759036144578314,0.28460997891755574
0.02006141,0.07431192660550459,0.9759036144578314,0.28481012658205473
0.020089786,0.0743801652892562,0.9759036144578314,0.2850105559462927
0.02010878,0.0744485294117647,0.9759036144578314,0.2852112676054099
0.020120298,0.07451701931922723,0.9759036144578314,0.2854122621562241
0.020183634,0.07458563535911603,0.9759036144578314,0.28561354019723706
0.020188848,0.07465437788018434,0.9759036144578314,0.28581510232863955
0.020189553,0.07472324723247233,0.9759036144578314,0.28601694915231796
0.020310676,0.07479224376731301,0.9759036144578314,0.28621908127186035
0.020359393,0.07486136783733827,0.9759036144578314,0.28642149929256183
0.020599851,0.07493061979648474,0.9759036144578314,0.28662420382143133
0.020785186,0.075,0.9759036144578314,0.28682719546719726
0.020860618,0.07506950880444857,0.9759036144578314,0.28703047484031374
0.020862138,0.075139146567718,0.9759036144578314,0.2872340425529665
0.020927384,0.07520891364902507,0.9759036144578314,0.2874378992190793
0.020961287,0.07527881040892194,0.9759036144578314,0.2876420454543202
0.020972798,0.07534883720930233,0.9759036144578314,0.28784648187610723
0.021054609,0.07541899441340782,0.9759036144578314,0.2880512091036152
0.0210877,0.0754892823858341,0.9759036144578314,0.2882562277577815
0.021118384,0.07555970149253731,0.9759036144578314,0.2884615384613128
0.02113396,0.07563025210084033,0.9759036144578314,0.2886671418386908
0.02116261,0.07570093457943926,0.9759036144578314,0.2888730385161793
0.021164432,0.07577174929840973,0.9759036144578314,0.28907922912182965
0.021211484,0.07584269662921349,0.9759036144578314,0.28928571428548816
0.021329729,0.07591377694470477,0.9759036144578314,0.2894924946388016
0.02140955,0.07598499061913697,0.9759036144578314,0.2896995708152243
0.02142794,0.07605633802816901,0.9759036144578314,0.2899069434500241
0.021582432,0.07612781954887218,0.9759036144578314,0.2901146131802892
0.02159541,0.0761994355597366,0.9759036144578314,0.2903225806449346
0.021721091,0.07627118644067797,0.9759036144578314,0.29053084648470867
0.021777423,0.0763430725730443,0.9759036144578314,0.2907394113421995
0.02178706,0.07641509433962264,0.9759036144578314,0.2909482758618419
0.021818051,0.0764872521246459,0.9759036144578314,0.29115744068992383
0.021934818,0.07655954631379962,0.9759036144578314,0.2913669064745929
0.021958467,0.07663197729422895,0.9759036144578314,0.2915766738658633
0.022035617,0.07670454545454546,0.9759036144578314,0.29178674351562267
0.022081131,0.07677725118483412,0.9759036144578314,0.29199711607763834
0.022144957,0.07685009487666034,0.9759036144578314,0.2922077922075645
0.022148969,0.07692307692307693,0.9759036144578314,0.2924187725629491
0.022198668,0.07699619771863118,0.9759036144578314,0.2926300578032403
0.02227016,0.07706945765937202,0.9759036144578314,0.2928416485897936
0.022287818,0.07714285714285714,0.9759036144578314,0.29305354558587887
0.022448381,0.07721639656816015,0.9759036144578314,0.293265749456687
0.022570465,0.07729007633587787,0.9759036144578314,0.29347826086933687
0.022624962,0.07736389684813753,0.9759036144578314,0.29369108049288245
0.022666143,0.07743785850860421,0.9759036144578314,0.29390420899832
0.022712983,0.07751196172248803,0.9759036144578314,0.2941176470585948
0.02274965,0.07758620689655173,0.9759036144578314,0.29433139534860836
0.02276493,0.07766059443911794,0.9759036144578314,0.2945454545452256
0.022810815,0.07773512476007678,0.9759036144578314,0.29475982532728184
0.022883596,0.07780979827089338,0.9759036144578314,0.2949745083755902
0.022906639,0.07788461538461539,0.9759036144578314,0.29518950437294855
0.022920148,0.07795957651588066,0.9759036144578314,0.2954048140041469
0.023038503,0.07803468208092486,0.9759036144578314,0.2956204379559748
0.023206698,0.0781099324975892,0.9759036144578314,0.29583637691722836
0.023247879,0.07818532818532818,0.9759036144578314,0.2960526315787176
0.023332344,0.0782608695652174,0.9759036144578314,0.29626920263327416
0.023340736,0.07833655705996131,0.9759036144578314,0.2964860907757583
0.023375658,0.07841239109390126,0.9759036144578314,0.29670329670306655
0.023376502,0.07848837209302326,0.9759036144578314,0.2969208211141393
0.023534445,0.07856450048496605,0.9759036144578314,0.29713866470996775
0.023551282,0.07864077669902912,0.9759036144578314,0.29735682819360215
0.023580568,0.07871720116618076,0.9759036144578314,0.2975753122701588
0.023593368,0.07879377431906615,0.9759036144578314,0.29779411764682817
0.023628969,0.07887049659201557,0.9759036144578314,0.29801324503288174
0.023775686,0.07894736842105263,0.9759036144578314,0.2982326951396807
0.023791881,0.07902439024390244,0.9759036144578314,0.2984524686806828
0.023813244,0.0791015625,0.9759036144578314,0.29867256637145023
0.023814617,0.07917888563049853,0.9759036144578314,0.29889298892965804
0.023871485,0.07925636007827788,0.9759036144578314,0.29911373707510097
0.023872439,0.07933398628795299,0.9759036144578314,0.299334811529702
0.023898399,0.07941176470588235,0.9759036144578314,0.2995562130175199
0.023906834,0.07948969578017664,0.9759036144578314,0.2997779422647571
0.023954336,0.07956777996070727,0.9759036144578314,0.29999999999976823
0.023977503,0.07964601769911504,0.9759036144578314,0.30022238695306686
0.024049547,0.0797244094488189,0.9759036144578314,0.3004451038573347
0.024082981,0.07980295566502463,0.9759036144578314,0.30066815144742925
0.024083262,0.07988165680473373,0.9759036144578314,0.30089153046039185
0.024214758,0.07996051332675222,0.9759036144578314,0.30111524163545533
0.024286687,0.0800395256916996,0.9759036144578314,0.30133928571405316
0.024362413,0.08011869436201781,0.9759036144578314,0.30156366343982693
0.024366608,0.0801980198019802,0.9759036144578314,0.30178837555863464
0.02440523,0.0802775024777007,0.9759036144578314,0.3020134228185591
0.024506925,0.08035714285714286,0.9759036144578314,0.30223880596991626
0.024601951,0.0804369414101291,0.9759036144578314,0.3024645257652635
0.024673777,0.0805168986083499,0.9759036144578314,0.30269058295940804
0.024690421,0.08059701492537313,0.9759036144578314,0.30291697830941516
0.02474241,0.08067729083665338,0.9759036144578314,0.3031437125746168
0.02478257,0.08075772681954138,0.9759036144578314,0.3033707865166204
0.024796898,0.08083832335329341,0.9759036144578314,0.30359820089931655
0.02490091,0.08091908091908091,0.9759036144578314,0.30382595648888844
0.024950258,0.081,0.9759036144578314,0.3040540540538202
0.024951143,0.08108108108108109,0.9759036144578314,0.304282494364905
0.024965093,0.0811623246492986,0.9759036144578314,0.3045112781952546
0.025061293,0.08124373119358075,0.9759036144578314,0.30474040632030747
0.025092518,0.08132530120481928,0.9759036144578314,0.30496987951783794
0.02511559,0.0814070351758794,0.9759036144578314,0.3051996985679644
0.025236143,0.08048289738430583,0.963855421686747,0.3016591251883023
0.025242537,0.08056394763343404,0.963855421686747,0.3018867924525954
0.025278712,0.08064516129032258,0.963855421686747,0.30211480362514276
0.025298815,0.08072653884964683,0.963855421686747,0.30234315948578167
0.02535614,0.08080808080808081,0.963855421686747,0.3025718608167089
0.025404224,0.08088978766430738,0.963855421686747,0.30280090840248997
0.02543772,0.08097165991902834,0.963855421686747,0.3030303030300677
0.0255846,0.08105369807497467,0.963855421686747,0.3032600454887714
0.025673337,0.08113590263691683,0.963855421686747,0.30349013657032586
0.025716193,0.08121827411167512,0.963855421686747,0.3037205770688607
0.025815835,0.08130081300813008,0.963855421686747,0.3039513677809192
0.025993781,0.08138351983723296,0.963855421686747,0.3041825095054675
0.026035171,0.0814663951120163,0.963855421686747,0.304414003043904
0.02612233,0.08154943934760449,0.963855421686747,0.3046458492000685
0.026127424,0.08163265306122448,0.963855421686747,0.3048780487802515
0.026164874,0.08171603677221655,0.963855421686747,0.3051106025932037
0.026224429,0.081799591002045,0.963855421686747,0.30534351145014516
0.02626366,0.08188331627430911,0.963855421686747,0.3055767761647748
0.026278865,0.08196721311475409,0.963855421686747,0.30581039755328004
0.026477491,0.08205128205128205,0.963855421686747,0.3060443764343461
0.026598442,0.08213552361396304,0.963855421686747,0.3062787136291657
0.026622921,0.08221993833504625,0.963855421686747,0.3065134099614487
0.026679033,0.0823045267489712,0.963855421686747,0.30674846625743146
0.026691748,0.082389289392379,0.963855421686747,0.306983883345887
0.026708763,0.08247422680412371,0.963855421686747,0.3072196620581342
0.026779534,0.0825593395252838,0.963855421686747,0.30745580322804833
0.026793739,0.08264462809917356,0.963855421686747,0.30769230769206996
0.026820093,0.0827300930713547,0.963855421686747,0.30792917628921557
0.026885513,0.08281573498964803,0.963855421686747,0.3081664098610872
0.026968872,0.08290155440414508,0.963855421686747,0.3084040092518822
0.027007146,0.08298755186721991,0.963855421686747,0.30864197530840376
0.02713822,0.08307372793354102,0.963855421686747,0.30888030888007056
0.027156897,0.08316008316008316,0.963855421686747,0.30911901081892695
0.02718178,0.08324661810613944,0.963855421686747,0.30935808197965314
0.02722539,0.08333333333333333,0.963855421686747,0.3095975232195755
0.027239753,0.08342022940563086,0.963855421686747,0.30983733539867675
0.027242318,0.08350730688935282,0.963855421686747,0.31007751937960604
0.027285775,0.08359456635318704,0.963855421686747,0.31031807602768957
0.02732201,0.08368200836820083,0.963855421686747,0.31055900621094096
0.02762899,0.08376963350785341,0.963855421686747,0.31080031080007153
0.027713504,0.08385744234800839,0.963855421686747,0.31104199066850086
0.02790318,0.08289611752360965,0.9518072289156626,0.3073929961087098
0.027914895,0.08298319327731092,0.9518072289156626,0.3076323987536544
0.027937666,0.08307045215562565,0.9518072289156626,0.307872174590563
0.02798759,0.08315789473684211,0.9518072289156626,0.3081123244927398
0.028138451,0.08324552160168598,0.9518072289156626,0.3083528493362158
0.028144188,0.08333333333333333,0.9518072289156626,0.3085937499997598
0.028384896,0.08342133051742344,0.9518072289156626,0.30883502736488877
0.02847495,0.08350951374207188,0.9518072289156626,0.30907668231587854
0.028499182,0.0835978835978836,0.9518072289156626,0.30931871573977515
0.028501322,0.0836864406779661,0.9518072289156626,0.3095611285264051
0.028541282,0.08377518557794274,0.9518072289156626,0.30980392156838665
0.028579306,0.08386411889596602,0.9518072289156626,0.3100470957611406
0.028597439,0.08395324123273114,0.9518072289156626,0.3102906520029012
0.028610941,0.08404255319148936,0.9518072289156626,0.31053459119472737
0.028773516,0.08413205537806177,0.9518072289156626,0.31077891424051407
0.028998228,0.08422174840085288,0.9518072289156626,0.31102362204700273
0.029020824,0.08431163287086446,0.9518072289156626,0.31126871552379315
0.029027974,0.08440170940170941,0.9518072289156626,0.31151419558335464
0.029116405,0.08449197860962566,0.9518072289156626,0.3117600631410368
0.02914635,0.08458244111349036,0.9518072289156626,0.312006319115082
0.029215915,0.08467309753483387,0.9518072289156626,0.3122529644266355
0.02922844,0.08476394849785408,0.9518072289156626,0.31249999999975786
0.029242113,0.08485499462943072,0.9518072289156626,0.3127474267614363
0.02927926,0.08494623655913978,0.9518072289156626,0.31299524564159603
0.029431079,0.08503767491926803,0.9518072289156626,0.313243457573112
0.029439265,0.08512931034482758,0.9518072289156626,0.31349206349182085
0.029529769,0.08522114347357065,0.9518072289156626,0.3137410643365325
0.02957461,0.08531317494600432,0.9518072289156626,0.31399046104904177
0.029582206,0.08540540540540541,0.9518072289156626,0.3142402545741405
0.029583398,0.0854978354978355,0.9518072289156626,0.31449044585962954
0.02965712,0.08559046587215602,0.9518072289156626,0.3147410358563305
0.029659146,0.08568329718004339,0.9518072289156626,0.314992025518098
0.029716067,0.08577633007600434,0.9518072289156626,0.3152434158018315
0.029837156,0.08586956521739131,0.9518072289156626,0.31549520766748806
0.029851528,0.08596300326441784,0.9518072289156626,0.31574740207809365
0.029860672,0.0860566448801743,0.9518072289156626,0.31599999999975614
0.029926037,0.0861504907306434,0.9518072289156626,0.3162530024016776
0.029930329,0.08624454148471616,0.9518072289156626,0.3165064102561662
0.029978028,0.08633879781420765,0.9518072289156626,0.31676022453864916
0.030150816,0.08643326039387308,0.9518072289156626,0.31701444622768504
0.030187529,0.08652792990142388,0.9518072289156626,0.31726907630497647
0.030233849,0.08662280701754387,0.9518072289156626,0.3175241157553825
0.03026958,0.0867178924259056,0.9518072289156626,0.3177795655669315
0.030343818,0.08681318681318681,0.9518072289156626,0.31803542673083407
0.030368023,0.08690869086908691,0.9518072289156626,0.3182917002414956
0.030424355,0.08700440528634361,0.9518072289156626,0.3185483870965291
0.030441815,0.08710033076074973,0.9518072289156626,0.3188054882967686
0.03059607,0.08719646799116998,0.9518072289156626,0.3190630048462813
0.03064568,0.08729281767955802,0.9518072289156626,0.31932093775238185
0.030848585,0.08738938053097345,0.9518072289156626,0.3195792880256444
0.03087156,0.08748615725359911,0.9518072289156626,0.3198380566799162
0.03089577,0.08758314855875832,0.9518072289156626,0.3200972447323311
0.030926967,0.0876803551609323,0.9518072289156626,0.3203568532033226
0.031114845,0.08777777777777777,0.9518072289156626,0.320616883116637
0.031133603,0.0878754171301446,0.9518072289156626,0.32087733549934755
0.031139823,0.08797327394209355,0.9518072289156626,0.32113821138186743
0.031305134,0.08807134894091416,0.9518072289156626,0.3213995117979635
0.03141001,0.08705357142857142,0.9397590361445783,0.31758957654698466
0.031410996,0.08715083798882682,0.9397590361445783,0.31784841075769954
0.031464364,0.087248322147651,0.9397590361445783,0.31810766721019357
0.03151076,0.08734602463605823,0.9397590361445783,0.3183673469385285
0.03152806,0.08744394618834081,0.9397590361445783,0.3186274509801451
0.031546906,0.08754208754208755,0.9397590361445783,0.31888798037587707
0.031604223,0.08764044943820225,0.9397590361445783,0.3191489361699654
0.031606067,0.08773903262092239,0.9397590361445783,0.319410319410072
0.031661574,0.08783783783783784,0.9397590361445783,0.31967213114729337
0.031669732,0.08793686583990981,0.9397590361445783,0.3199343724361755
0.031785056,0.08803611738148984,0.9397590361445783,0.3201970443347275
0.031815395,0.08813559322033898,0.9397590361445783,0.32046014790443567
0.0318588,0.08823529411764706,0.9397590361445783,0.32072368421027825
0.03186054,0.08833522083805209,0.9397590361445783,0.32098765432073945
0.03193223,0.08843537414965986,0.9397590361445783,0.3212520593078241
0.031957418,0.08853575482406356,0.9397590361445783,0.3215169002470722
0.031974114,0.08863636363636364,0.9397590361445783,0.32178217821757316
0.032101832,0.08873720136518772,0.9397590361445783,0.3220478943019808
0.032175567,0.0888382687927107,0.9397590361445783,0.322314049586528
0.032297764,0.08893956670467502,0.9397590361445783,0.32258064516104124
0.03232202,0.08904109589041095,0.9397590361445783,0.32284768211895615
0.032429203,0.08914285714285715,0.9397590361445783,0.3231151615573315
0.032432076,0.08924485125858124,0.9397590361445783,0.32338308457686504
0.03261629,0.08934707903780069,0.9397590361445783,0.32365145228190817
0.03273408,0.08944954128440367,0.9397590361445783,0.3239202657804813
0.032737594,0.08955223880597014,0.9397590361445783,0.32418952618428887
0.03275161,0.0896551724137931,0.9397590361445783,0.32445923460873516
0.032788433,0.08975834292289989,0.9397590361445783,0.32472939217293895
0.032824676,0.08986175115207373,0.9397590361445783,0.3249999999997498
0.03293942,0.08996539792387544,0.9397590361445783,0.32527105921576305
0.032950282,0.09006928406466513,0.9397590361445783,0.3255425709513356
0.033010878,0.09017341040462427,0.9397590361445783,0.3258145363406016
0.03316216,0.09027777777777778,0.9397590361445783,0.32608695652148845
0.03320051,0.09038238702201622,0.9397590361445783,0.3263598326357324
0.033436935,0.09048723897911833,0.9397590361445783,0.3266331658288948
0.033533674,0.09059233449477352,0.9397590361445783,0.3269069572503776
0.033610508,0.09069767441860466,0.9397590361445783,0.32718120805344003
0.033615366,0.09080325960419092,0.9397590361445783,0.3274559193952146
0.033679407,0.09090909090909091,0.9397590361445783,0.3277310924367233
0.033806346,0.09101516919486581,0.9397590361445783,0.3280067283428939
0.03385251,0.0911214953271028,0.9397590361445783,0.3282828282825765
0.033982992,0.0912280701754386,0.9397590361445783,0.32855939342856033
0.033986665,0.09133489461358314,0.9397590361445783,0.32883642495758947
0.03402678,0.0914419695193435,0.9397590361445783,0.3291139240503808
0.034044575,0.09154929577464789,0.9397590361445783,0.32939189189163964
0.034103647,0.09165687426556991,0.9397590361445783,0.32967032967007726
0.034158334,0.09176470588235294,0.9397590361445783,0.32994923857842773
0.03417187,0.09187279151943463,0.9397590361445783,0.3302286198134646
0.034348685,0.09198113207547169,0.9397590361445783,0.3305084745760184
0.034364622,0.09208972845336481,0.9397590361445783,0.3307888040709939
0.034490705,0.09219858156028368,0.9397590361445783,0.33106960950738706
0.034608822,0.09230769230769231,0.9397590361445783,0.3313508920983025
0.034840282,0.0924170616113744,0.9397590361445783,0.3316326530609712
0.03484088,0.09252669039145907,0.9397590361445783,0.3319148936167678
0.034923296,0.09263657957244656,0.9397590361445783,0.3321976149912286
0.03500152,0.09274673008323424,0.9397590361445783,0.33248081841406857
0.035208173,0.09285714285714286,0.9397590361445783,0.3327645051192001
0.035496436,0.09296781883194279,0.9397590361445783,0.3330486763447503
0.03549961,0.09307875894988067,0.9397590361445783,0.33333333333307924
0.035564195,0.0931899641577061,0.9397590361445783,0.33361847733079797
0.035669792,0.09330143540669857,0.9397590361445783,0.33390410958878675
0.035781763,0.09341317365269461,0.9397590361445783,0.33419023136221343
0.035789687,0.09232613908872901,0.927710843373494,0.3301886792450284
0.03589199,0.09243697478991597,0.927710843373494,0.3304721030040371
0.035899177,0.09254807692307693,0.927710843373494,0.3307560137454496
0.03614284,0.09265944645006016,0.927710843373494,0.33104041272545437
0.036149237,0.0927710843373494,0.927710843373494,0.33132530120456416
0.03623674,0.09288299155609167,0.927710843373494,0.3316106804476345
0.036239356,0.0929951690821256,0.927710843373494,0.33189655172388255
0.036273696,0.09310761789600967,0.927710843373494,0.33218291630690583
0.036327053,0.09322033898305085,0.927710843373494,0.3324697754747012
0.0363884,0.09333333333333334,0.927710843373494,0.33275713050968375
0.03645247,0.09344660194174757,0.927710843373494,0.33304498269870597
0.036474455,0.09356014580801944,0.927710843373494,0.3333333333330773
0.036589053,0.09367396593673966,0.927710843373494,0.33362218370858265
0.036607463,0.09378806333739342,0.927710843373494,0.3339115351255026
0.037033748,0.09390243902439024,0.927710843373494,0.3342013888886325
0.03704762,0.09401709401709402,0.927710843373494,0.33449174630730205
0.037096683,0.0941320293398533,0.927710843373494,0.33478260869539544
0.037328154,0.09424724602203183,0.927710843373494,0.3350739773713707
0.03747762,0.09313725490196079,0.9156626506024096,0.3310104529614155
0.03758134,0.09325153374233129,0.9156626506024096,0.3312990409762032
0.037612624,0.09336609336609336,0.9156626506024096,0.33158813263499587
0.03764163,0.09348093480934809,0.9156626506024096,0.33187772925738457
0.037674583,0.09236453201970443,0.9036144578313253,0.32779720279694524
0.03791999,0.09247842170160296,0.9036144578313253,0.3280839895010547
0.037984513,0.09259259259259259,0.9036144578313253,0.3283712784585863
0.03799458,0.09270704573547589,0.9036144578313253,0.32865907099010144
0.03803546,0.09282178217821782,0.9036144578313253,0.3289473684207946
0.038090102,0.09293680297397769,0.9036144578313253,0.3292361720805144
0.038150556,0.09305210918114144,0.9036144578313253,0.32952548330378384
0.038216304,0.09316770186335403,0.9036144578313253,0.32981530342982074
0.03824156,0.09328358208955224,0.9036144578313253,0.33010563380255836
0.03841041,0.0921544209215442,0.891566265060241,0.3259911894270541
0.03844305,0.09226932668329177,0.891566265060241,0.3262786596117341
0.038471475,0.09238451935081149,0.891566265060241,0.32656663724598994
0.03851888,0.0925,0.891566265060241,0.3268551236746525
0.038562585,0.09261576971214018,0.891566265060241,0.3271441202473093
0.038577482,0.09273182957393483,0.891566265060241,0.3274336283183247
0.038578343,0.09159347553324969,0.8795180722891566,0.32329495128406294
0.038633045,0.09170854271356783,0.8795180722891566,0.3235815602834282
0.038747784,0.09182389937106918,0.8795180722891566,0.3238686779056852
0.038800415,0.09193954659949623,0.8795180722891566,0.32415630550595675
0.038880236,0.09205548549810845,0.8795180722891566,0.32444444444418435
0.038978294,0.09217171717171717,0.8795180722891566,0.3247330960851491
0.039036565,0.0922882427307206,0.8795180722891566,0.32502226179849303
0.039056536,0.09240506329113925,0.8795180722891566,0.32531194295874133
0.039077632,0.09252217997465145,0.8795180722891566,0.32560214094532364
0.039147627,0.09263959390862944,0.8795180722891566,0.3258928571425964
0.039153755,0.09275730622617535,0.8795180722891566,0.3261840929398642
0.03920079,0.09287531806615776,0.8795180722891566,0.3264758497314027
0.039202336,0.0929936305732484,0.8795180722891566,0.3267681289164801
0.039216667,0.09311224489795919,0.8795180722891566,0.32706093189938035
0.03928337,0.09323116219667944,0.8795180722891566,0.3273542600894247
0.039397497,0.09335038363171355,0.8795180722891566,0.3276481149009952
0.039559852,0.09346991037131883,0.8795180722891566,0.3279424977535568
0.039587326,0.09358974358974359,0.8795180722891566,0.32823741007168067
0.039653733,0.09370988446726572,0.8795180722891566,0.3285328532850666
0.039768714,0.09383033419023136,0.8795180722891566,0.32882882882856673
0.03979619,0.09266409266409266,0.8674698795180723,0.32461677186628424
0.040035974,0.09278350515463918,0.8674698795180723,0.32490974729215644
0.04005892,0.09290322580645162,0.8674698795180723,0.32520325203225786
0.040084716,0.09302325581395349,0.8674698795180723,0.32549728752234136
0.040249538,0.09314359637774904,0.8674698795180723,0.3257918552033572
0.04036664,0.09326424870466321,0.8674698795180723,0.3260869565214762
0.04046603,0.09208819714656291,0.8554216867469879,0.32184950135966445
0.04048238,0.09220779220779221,0.8554216867469879,0.322141560798285
0.040665403,0.09232769830949285,0.8554216867469879,0.32243415077176213
0.04077368,0.09244791666666667,0.8554216867469879,0.3227272727270093
0.041137632,0.09126466753585398,0.8433734939759037,0.31847133757935425
0.041196346,0.09138381201044386,0.8433734939759037,0.3187613843348911
0.041228812,0.0915032679738562,0.8433734939759037,0.3190519598903469
0.041284177,0.09162303664921466,0.8433734939759037,0.31934306569316667
0.041431412,0.09174311926605505,0.8433734939759037,0.31963470319608295
0.04143213,0.09186351706036745,0.8433734939759037,0.3199268738571398
0.041437596,0.09198423127463863,0.8433734939759037,0.3202195791397173
0.04146895,0.09210526315789473,0.8433734939759037,0.320512820512556
0.04156283,0.0922266139657444,0.8433734939759037,0.3208065994497812
0.041660666,0.09234828496042216,0.8433734939759037,0.32110091743092783
0.041675396,0.09247027741083223,0.8433734939759037,0.3213957759409655
0.04179634,0.09259259259259259,0.8433734939759037,0.3216911764703231
0.041923925,0.09271523178807947,0.8433734939759037,0.3219871205149143
0.041928053,0.09283819628647215,0.8433734939759037,0.3222836095761619
0.04200017,0.09296148738379814,0.8433734939759037,0.3225806451610249
0.042027876,0.09308510638297872,0.8433734939759037,0.32287822878202216
0.0420352,0.09320905459387484,0.8433734939759037,0.3231763619572597
0.042153455,0.09333333333333334,0.8433734939759037,0.32347504621045503
0.042210724,0.09345794392523364,0.8433734939759037,0.32377428307096434
0.042248275,0.09358288770053476,0.8433734939759037,0.3240740740738079
0.042352527,0.09370816599732262,0.8433734939759037,0.32437442075969664
0.042405397,0.09249329758713137,0.8313253012048193,0.3200371057511251
0.0424074,0.09261744966442953,0.8313253012048193,0.32033426183817354
0.042507652,0.09274193548387097,0.8313253012048193,0.3206319702599563
0.042520758,0.09286675639300135,0.8313253012048193,0.3209302325578726
0.04255252,0.09299191374663072,0.8313253012048193,0.3212290502790626
0.042566985,0.0931174089068826,0.8313253012048193,0.32152842497643375
0.04258204,0.09324324324324325,0.8313253012048193,0.321828358208688
0.04262534,0.09336941813261164,0.8313253012048193,0.3221288515403488
0.042638548,0.09349593495934959,0.8313253012048193,0.32242990654178855
0.042653352,0.09362279511533243,0.8313253012048193,0.3227315247892553
0.04285423,0.09375,0.8313253012048193,0.3230337078649007
0.042876847,0.09387755102040816,0.8313253012048193,0.323336457356808
0.042908236,0.09400544959128065,0.8313253012048193,0.32363977485901896
0.043009836,0.0941336971350614,0.8313253012048193,0.32394366197156277
0.043323338,0.0942622950819672,0.8313253012048193,0.3242481203004835
0.04333486,0.09439124487004104,0.8313253012048193,0.32455315145786884
0.043336798,0.09452054794520548,0.8313253012048193,0.3248587570618782
0.043361843,0.09465020576131687,0.8313253012048193,0.32516493873677177
0.043367106,0.09340659340659341,0.8192771084337349,0.32075471698086316
0.043443922,0.09353507565337002,0.8192771084337349,0.32105760151059026
0.04354143,0.09366391184573003,0.8192771084337349,0.321361058600865
0.043803565,0.09379310344827586,0.8192771084337349,0.3216650898767411
0.04381881,0.09392265193370165,0.8192771084337349,0.32196969696942745
0.043962702,0.09405255878284924,0.8192771084337349,0.32227488151631806
0.044104498,0.09418282548476455,0.8192771084337349,0.3225806451610206
0.044392336,0.09431345353675451,0.8192771084337349,0.3228869895533863
0.044524692,0.09444444444444444,0.8192771084337349,0.32319391634953987
0.0447011,0.09457579972183588,0.8192771084337349,0.3235014272119087
0.04506114,0.0947075208913649,0.8192771084337349,0.32380952380925354
0.04508927,0.09483960948396095,0.8192771084337349,0.3241182078166981
0.045112252,0.09497206703910614,0.8192771084337349,0.32442748091575996
0.045303438,0.0951048951048951,0.8192771084337349,0.32473734479438066
0.045345332,0.09523809523809523,0.8192771084337349,0.32504780114695664
0.045420714,0.09537166900420757,0.8192771084337349,0.3253588516743702
0.04546073,0.09550561797752809,0.8192771084337349,0.32567049808402004
0.045474593,0.09563994374120956,0.8192771084337349,0.32598274208985334
0.045565024,0.09577464788732394,0.8192771084337349,0.32629558541239656
0.04559057,0.09590973201692525,0.8192771084337349,0.32660902977878703
0.046096396,0.096045197740113,0.8192771084337349,0.32692307692280526
0.04614177,0.09618104667609619,0.8192771084337349,0.32723772858490624
0.046171814,0.09631728045325778,0.8192771084337349,0.3275529865122521
0.046216518,0.09645390070921986,0.8192771084337349,0.32786885245874425
0.046290163,0.09659090909090909,0.8192771084337349,0.32818532818505597
0.04660019,0.09672830725462304,0.8192771084337349,0.3285024154586648
0.046617202,0.09686609686609686,0.8192771084337349,0.32882011605388606
0.04662992,0.09700427960057062,0.8192771084337349,0.3291384317519055
0.046674777,0.09714285714285714,0.8192771084337349,0.32945736434081246
0.04670015,0.09728183118741059,0.8192771084337349,0.32977691561563394
0.046765517,0.09742120343839542,0.8192771084337349,0.3300970873783677
0.046942227,0.0975609756097561,0.8192771084337349,0.3304178814380164
0.047298733,0.09770114942528736,0.8192771084337349,0.3307392996106216
0.0473372,0.09784172661870504,0.8192771084337349,0.3310613437192981
0.047469817,0.09798270893371758,0.8192771084337349,0.3313840155942683
0.047490723,0.09812409812409813,0.8192771084337349,0.33170731707289697
0.047555853,0.09826589595375723,0.8192771084337349,0.3320312499997261
0.04761058,0.09840810419681621,0.8192771084337349,0.33235581622650995
0.047852013,0.09855072463768116,0.8192771084337349,0.3326810176122503
0.04797512,0.09869375907111756,0.8192771084337349,0.33300685602323205
0.048201628,0.09883720930232558,0.8192771084337349,0.33333333333305887
0.04828141,0.09898107714701601,0.8192771084337349,0.3336604514226891
0.048463825,0.09912536443148688,0.8192771084337349,0.3339882121804718
0.048657224,0.09927007299270073,0.8192771084337349,0.3343166175021833
0.048678882,0.09941520467836257,0.8192771084337349,0.33464566929106354
0.04878222,0.09956076134699854,0.8192771084337349,0.3349753694578529
0.048816245,0.09970674486803519,0.8192771084337349,0.33530571992082925
0.049047265,0.09985315712187959,0.8192771084337349,0.335636722605845
0.049174614,0.1,0.8192771084337349,0.33596837944636476
0.049183935,0.09867452135493372,0.8072289156626506,0.3313550939660942
0.04932907,0.09882005899705015,0.8072289156626506,0.3316831683165558
0.049370307,0.09896602658788774,0.8072289156626506,0.332011892963054
0.049393725,0.09911242603550297,0.8072289156626506,0.3323412698409937
0.049577314,0.09925925925925926,0.8072289156626506,0.3326713008934675
0.049777485,0.09940652818991098,0.8072289156626506,0.3330019880712942
0.049807776,0.09955423476968796,0.8072289156626506,0.33333333333305676
0.049835235,0.09970238095238096,0.8072289156626506,0.3336653386451416
0.04987999,0.09985096870342772,0.8072289156626506,0.333998005981777
0.04994068,0.1,0.8072289156626506,0.3343313373250723
0.050098903,0.10014947683109118,0.8072289156626506,0.3346653346650576
0.050504327,0.10029940119760479,0.8072289156626506,0.33499999999972274
0.05052819,0.10044977511244378,0.8072289156626506,0.3353353353350579
0.05054461,0.1006006006006006,0.8072289156626506,0.33567134268509313
0.05062115,0.09924812030075188,0.7951807228915663,0.33099297893653273
0.05077113,0.09939759036144578,0.7951807228915663,0.3313253012045415
0.050843924,0.09954751131221719,0.7951807228915663,0.3316582914570085
0.051180344,0.09969788519637462,0.7951807228915663,0.3319919517099835
0.051278878,0.09984871406959153,0.7951807228915663,0.3323262839876372
0.051423173,0.1,0.7951807228915663,0.3326612903223023
0.051488098,0.10015174506828528,0.7951807228915663,0.3329969727545146
0.051600315,0.10030395136778116,0.7951807228915663,0.3333333333330547
0.05170856,0.1004566210045662,0.7951807228915663,0.3336703741149891
0.05173784,0.10060975609756098,0.7951807228915663,0.33400809716571295
0.051749784,0.10076335877862595,0.7951807228915663,0.33434650455899145
0.05178267,0.10091743119266056,0.7951807228915663,0.33468559837700285
0.051873494,0.10107197549770292,0.7951807228915663,0.3350253807103807
0.051991872,0.10122699386503067,0.7951807228915663,0.3353658536582571
0.051992223,0.10138248847926268,0.7951807228915663,0.3357070193283063
0.0520942,0.10153846153846154,0.7951807228915663,0.3360488798367874
0.05241804,0.1016949152542373,0.7951807228915663,0.3363914373085886
0.052552886,0.10185185185185185,0.7951807228915663,0.33673469387727095
0.05268462,0.10200927357032458,0.7951807228915663,0.3370786516851132
0.05268924,0.1021671826625387,0.7951807228915663,0.3374233128831553
0.052702405,0.10232558139534884,0.7951807228915663,0.33776867963124463
0.05275946,0.10248447204968944,0.7951807228915663,0.33811475409808006
0.052768193,0.1026438569206843,0.7951807228915663,0.3384615384612577
0.05276929,0.102803738317757,0.7951807228915663,0.3388090349073166
0.052894205,0.1029641185647426,0.7951807228915663,0.3391572456317848
0.053020783,0.103125,0.7951807228915663,0.339506172839225
0.053061258,0.10328638497652583,0.7951807228915663,0.339855818743282
0.053165246,0.10188087774294671,0.7831325301204819,0.3350515463914711
0.053290606,0.10204081632653061,0.7831325301204819,0.33539731682118384
0.053421725,0.10220125786163523,0.7831325301204819,0.3357438016526108
0.05362248,0.10236220472440945,0.7831325301204819,0.33609100310209666
0.053714786,0.10252365930599369,0.7831325301204819,0.3364389233951631
0.053726796,0.10268562401263823,0.7831325301204819,0.33678756476655725
0.053797532,0.10284810126582279,0.7831325301204819,0.3371369294602987
0.05382459,0.10301109350237718,0.7831325301204819,0.337487019729728
0.053894304,0.10317460317460317,0.7831325301204819,0.3378378378375553
0.054019157,0.10333863275039745,0.7831325301204819,0.33818938605590876
0.054199807,0.1035031847133758,0.7831325301204819,0.33854166666638386
0.054263294,0.10366826156299841,0.7831325301204819,0.3388946819600925
0.054377433,0.10383386581469649,0.7831325301204819,0.3392484342377127
0.054581176,0.104,0.7831325301204819,0.33960292580953916
0.05468804,0.10416666666666667,0.7831325301204819,0.33995815899553256
0.05469027,0.1043338683788122,0.7831325301204819,0.340314136125371
0.05470833,0.1045016077170418,0.7831325301204819,0.3406708595385004
0.054737274,0.10466988727858294,0.7831325301204819,0.3410283315841863
0.054774806,0.10483870967741936,0.7831325301204819,0.3413865546215648
0.054829165,0.1050080775444265,0.7831325301204819,0.3417455310196949
0.05484807,0.10517799352750809,0.7831325301204819,0.34210526315761053
0.054852422,0.1053484602917342,0.7831325301204819,0.3424657534243732
0.054872893,0.10551948051948051,0.7831325301204819,0.3428270042191248
0.05495289,0.10569105691056911,0.7831325301204819,0.34318901795114093
0.05510624,0.10586319218241043,0.7831325301204819,0.34355179703988437
0.055151794,0.10603588907014681,0.7831325301204819,0.34391534391505896
0.055416614,0.10620915032679738,0.7831325301204819,0.34427966101666413
0.055499006,0.10638297872340426,0.7831325301204819,0.34464475079504886
0.055636033,0.10655737704918032,0.7831325301204819,0.3450106157109673
0.05580349,0.10509031198686371,0.7710843373493976,0.3400637619550812
0.05594842,0.10526315789473684,0.7710843373493976,0.340425531914608
0.056135315,0.10543657331136738,0.7710843373493976,0.3407880724171796
0.056182705,0.10561056105610561,0.7710843373493976,0.34115138592721944
0.056264915,0.10578512396694215,0.7710843373493976,0.3415154749196714
0.056469742,0.10596026490066225,0.7710843373493976,0.3418803418800558
0.056618348,0.10613598673300166,0.7710843373493976,0.3422459893045266
0.056723226,0.10631229235880399,0.7710843373493976,0.3426124196999278
0.056949787,0.1064891846921797,0.7710843373493976,0.34297963558385064
0.057113506,0.105,0.7590361445783133,0.33798283261773904
0.057235513,0.10517529215358931,0.7590361445783133,0.33834586466136735
0.05736137,0.10535117056856187,0.7590361445783133,0.3387096774190679
0.05744346,0.10552763819095477,0.7590361445783133,0.33907427341198415
0.057487443,0.10570469798657718,0.7590361445783133,0.33943965517212654
0.05748952,0.10588235294117647,0.7590361445783133,0.3398058252424311
0.057509586,0.10606060606060606,0.7590361445783133,0.34017278617681834
0.05764486,0.10623946037099494,0.7590361445783133,0.3405405405402529
0.05772034,0.10641891891891891,0.7590361445783133,0.3409090909088031
0.057887938,0.1065989847715736,0.7590361445783133,0.34127843986970124
0.057922628,0.10677966101694915,0.7590361445783133,0.3416485900214039
0.057974648,0.10696095076400679,0.7590361445783133,0.3420195439736532
0.058216963,0.10714285714285714,0.7590361445783133,0.3423913043475378
0.05838747,0.10732538330494037,0.7590361445783133,0.34276387377555484
0.058450025,0.1075085324232082,0.7590361445783133,0.3431372549016722
0.058752358,0.1076923076923077,0.7590361445783133,0.3435114503813907
0.058804613,0.10787671232876712,0.7590361445783133,0.3438864628818072
0.058812205,0.10806174957118353,0.7590361445783133,0.34426229508167816
0.05885446,0.10824742268041238,0.7590361445783133,0.3446389496714834
0.059116542,0.10843373493975904,0.7590361445783133,0.3450164293534895
0.05920864,0.10862068965517241,0.7590361445783133,0.34539473684181593
0.059418723,0.10880829015544041,0.7590361445783133,0.34577387486249855
0.05945751,0.10899653979238755,0.7590361445783133,0.34615384615355643
0.05946584,0.10918544194107452,0.7590361445783133,0.3465346534650567
0.05952473,0.109375,0.7590361445783133,0.3469162995591814
0.05973686,0.10956521739130434,0.7590361445783133,0.3472987872102942
0.0598614,0.10975609756097561,0.7590361445783133,0.3476821192050078
0.05988738,0.1099476439790576,0.7590361445783133,0.34806629834225117
0.059899207,0.11013986013986014,0.7590361445783133,0.34845132743333784
0.059980165,0.11033274956217162,0.7590361445783133,0.34883720930203493
0.06000154,0.11052631578947368,0.7590361445783133,0.3492239467846316
0.06080967,0.11072056239015818,0.7590361445783133,0.3496115427300088
0.060839247,0.11091549295774648,0.7590361445783133,0.349999999999709
0.06089897,0.1111111111111111,0.7590361445783133,0.350389321468007
0.060982227,0.11130742049469965,0.7590361445783133,0.35077951002198043
0.061013624,0.11150442477876106,0.7590361445783133,0.35117056856158146
0.06115085,0.11170212765957446,0.7590361445783133,0.3515624999997084
0.06148836,0.11190053285968028,0.7590361445783133,0.35195530726227814
0.061667286,0.1103202846975089,0.7469879518072289,0.34675615212498784
0.061726604,0.11051693404634581,0.7469879518072289,0.3471444568866061
0.06180229,0.11071428571428571,0.7469879518072289,0.3475336322867034
0.061821036,0.11091234347048301,0.7469879518072289,0.3479236812567224
0.062069084,0.1111111111111111,0.7469879518072289,0.3483146067412807
0.062089976,0.11131059245960502,0.7469879518072289,0.3487064116982452
0.062228907,0.11151079136690648,0.7469879518072289,0.3490990990988065
0.06256415,0.10990990990990991,0.7349397590361446,0.3438556933480726
0.06264366,0.11010830324909747,0.7349397590361446,0.3442437923247635
0.06268115,0.11030741410488246,0.7349397590361446,0.3446327683612888
0.0628073,0.1105072463768116,0.7349397590361446,0.345022624434096
0.06310643,0.11070780399274047,0.7349397590361446,0.3454133635331156
0.06317039,0.11090909090909092,0.7349397590361446,0.3458049886618381
0.0632636,0.1092896174863388,0.7228915662650602,0.34052213393841246
0.06332577,0.10948905109489052,0.7228915662650602,0.34090909090879723
0.06336933,0.10968921389396709,0.7228915662650602,0.34129692832735115
0.063550234,0.10989010989010989,0.7228915662650602,0.3416856492024396
0.06359322,0.11009174311926606,0.7228915662650602,0.3420752565561483
0.0636052,0.11029411764705882,0.7228915662650602,0.34246575342436336
0.063911185,0.11049723756906077,0.7228915662650602,0.3428571428568485
0.064000405,0.11070110701107011,0.7228915662650602,0.3432494279173257
0.064372376,0.11090573012939002,0.7228915662650602,0.3436426116835542
0.064504795,0.1111111111111111,0.7228915662650602,0.3440366972474117
0.064676896,0.11131725417439703,0.7228915662650602,0.34443168771497495
0.064946376,0.11152416356877323,0.7228915662650602,0.3448275862066016
0.06498779,0.11173184357541899,0.7228915662650602,0.3452243958570121
0.06504658,0.11194029850746269,0.7228915662650602,0.345622119815373
0.06520232,0.11214953271028037,0.7228915662650602,0.34602076124537934
0.065373145,0.11235955056179775,0.7228915662650602,0.3464203233253396
0.065584645,0.1125703564727955,0.7228915662650602,0.34682080924825925
0.065760516,0.11278195488721804,0.7228915662650602,0.3472222222219264
0.0658122,0.11299435028248588,0.7228915662650602,0.3476245654689973
0.065851726,0.11320754716981132,0.7228915662650602,0.3480278422270821
0.065886505,0.11342155009451796,0.7228915662650602,0.34843205574883274
0.06600907,0.11363636363636363,0.7228915662650602,0.34883720930202927
0.066123776,0.11385199240986717,0.7228915662650602,0.3492433061696686
0.06612901,0.11216730038022814,0.7108433734939759,0.34382284382254724
0.06624243,0.11238095238095239,0.7108433734939759,0.34422403733925994
0.06636993,0.11259541984732824,0.7108433734939759,0.34462616822400227
0.06651618,0.11281070745697896,0.7108433734939759,0.3450292397657849
0.06652409,0.11302681992337164,0.7108433734939759,0.34543325526902374
0.06655046,0.11324376199616124,0.7108433734939759,0.3458382180536301
0.06680909,0.11346153846153846,0.7108433734939759,0.34624413145510174
0.06698246,0.11368015414258188,0.7108433734939759,0.3466509988246144
0.067025125,0.1138996138996139,0.7108433734939759,0.3470588235291142
0.06716352,0.11411992263056092,0.7108433734939759,0.3474676089514102
0.06721571,0.11434108527131782,0.7108433734939759,0.34787735849026824
0.06737714,0.1145631067961165,0.7108433734939759,0.3482880755605049
0.067423016,0.11478599221789883,0.7108433734939759,0.3486997635930826
0.06753781,0.11500974658869395,0.7108433734939759,0.3491124260352047
0.06756063,0.11328125,0.6987951807228916,0.34360189573429883
0.06763824,0.11350293542074363,0.6987951807228916,0.3440094899166648
0.06772134,0.11372549019607843,0.6987951807228916,0.3444180522562335
0.06787589,0.11394891944990176,0.6987951807228916,0.3448275862065978
0.06801152,0.1141732283464567,0.6987951807228916,0.3452380952377964
0.06802209,0.11439842209072978,0.6987951807228916,0.34564958283641145
0.06807169,0.11462450592885376,0.6987951807228916,0.3460620525056676
0.068411075,0.11485148514851486,0.6987951807228916,0.3464755077655312
0.068459496,0.11507936507936507,0.6987951807228916,0.34688995215281077
0.068504915,0.11530815109343936,0.6987951807228916,0.34730538922125753
0.068604484,0.11553784860557768,0.6987951807228916,0.34772182254166684
0.06907815,0.1157684630738523,0.6987951807228916,0.34813925570198123
0.06925638,0.116,0.6987951807228916,0.3485576923073926
0.06934523,0.11623246492985972,0.6987951807228916,0.34897713598044616
0.069471784,0.11646586345381527,0.6987951807228916,0.34939759036114576
0.06955431,0.11670020120724346,0.6987951807228916,0.3498190591070582
0.069634415,0.11693548387096774,0.6987951807228916,0.3502415458934195
0.06963821,0.11717171717171718,0.6987951807228916,0.35066505441324247
0.06981329,0.11740890688259109,0.6987951807228916,0.35108958837742343
0.07003767,0.11764705882352941,0.6987951807228916,0.35151515151485097
0.07009308,0.11788617886178862,0.6987951807228916,0.35194174757251484
0.070195764,0.11812627291242363,0.6987951807228916,0.35236938031561654
0.07026014,0.11836734693877551,0.6987951807228916,0.35279805352767957
0.07038955,0.11860940695296524,0.6987951807228916,0.35322777101066116
0.070786975,0.11885245901639344,0.6987951807228916,0.3536585365850646
0.07081313,0.11909650924024641,0.6987951807228916,0.35409035409005285
0.07094652,0.11934156378600823,0.6987951807228916,0.35452322738356157
0.07103253,0.11958762886597939,0.6987951807228916,0.3549571603424157
0.071155235,0.11983471074380166,0.6987951807228916,0.3553921568624434
0.071437925,0.12008281573498965,0.6987951807228916,0.3558282208585939
0.071515396,0.12033195020746888,0.6987951807228916,0.35626535626505434
0.07162685,0.12058212058212059,0.6987951807228916,0.3567035670353683
0.07169056,0.12083333333333333,0.6987951807228916,0.35714285714255495
0.07184629,0.12108559498956159,0.6987951807228916,0.35758323057922925
0.071942486,0.12133891213389121,0.6987951807228916,0.35802469135772236
0.07197322,0.12159329140461216,0.6987951807228916,0.35846724351020426
0.07233184,0.12184873949579832,0.6987951807228916,0.3589108910888063
0.07285956,0.12210526315789473,0.6987951807228916,0.3593556381657444
0.07315237,0.12236286919831224,0.6987951807228916,0.3598014888334441
0.07333293,0.1226215644820296,0.6987951807228916,0.36024844720466603
0.07339929,0.1228813559322034,0.6987951807228916,0.3606965174126323
0.07344648,0.12314225053078556,0.6987951807228916,0.36114570361115383
0.07358535,0.12340425531914893,0.6987951807228916,0.3615960099747591
0.07378089,0.12366737739872068,0.6987951807228916,0.36204744069882266
0.073980674,0.12393162393162394,0.6987951807228916,0.3624999999996965
0.07421384,0.12419700214132762,0.6987951807228916,0.36295369211484035
0.07439072,0.1223175965665236,0.6867469879518072,0.35714285714255345
0.074413955,0.12258064516129032,0.6867469879518072,0.3575909661226573
0.07442412,0.12284482758620689,0.6867469879518072,0.35804020100472117
0.07448584,0.12311015118790497,0.6867469879518072,0.3584905660374318
0.07449437,0.12337662337662338,0.6867469879518072,0.35894206549087976
0.074813746,0.12147505422993492,0.6746987951807228,0.353089533417098
0.07488856,0.12173913043478261,0.6746987951807228,0.35353535353504917
0.07499281,0.12200435729847495,0.6746987951807228,0.3539823008846513
0.0754271,0.1222707423580786,0.6746987951807228,0.3544303797465308
0.07546257,0.12253829321663019,0.6746987951807228,0.354879594423016
0.07570519,0.12280701754385964,0.6746987951807228,0.3553299492382738
0.07580155,0.12087912087912088,0.6626506024096386,0.34942820838597205
0.07582539,0.11894273127753303,0.6506024096385542,0.3435114503813743
0.07612674,0.11920529801324503,0.6506024096385542,0.34394904458568215
0.07617601,0.11946902654867257,0.6506024096385542,0.34438775510173564
0.07634383,0.1197339246119734,0.6506024096385542,0.34482758620659126
0.076349474,0.12,0.6506024096385542,0.34526854219918307
0.07638632,0.12026726057906459,0.6506024096385542,0.3457106274004627
0.07660811,0.12053571428571429,0.6506024096385542,0.34615384615354056
0.07667448,0.12080536912751678,0.6506024096385542,0.3465982028238278
0.07675963,0.1210762331838565,0.6506024096385542,0.34704370179918004
0.07676765,0.12134831460674157,0.6506024096385542,0.3474903474900416
0.07677553,0.11936936936936937,0.6385542168674698,0.3414948453605187
0.07687951,0.11963882618510158,0.6385542168674698,0.3419354838706616
0.07690376,0.11990950226244344,0.6385542168674698,0.34237726098160587
0.07738439,0.12018140589569161,0.6385542168674698,0.3428201811122422
0.07748236,0.12045454545454545,0.6385542168674698,0.34326424870435673
0.07753436,0.12072892938496584,0.6385542168674698,0.3437094682227804
0.07763963,0.12100456621004566,0.6385542168674698,0.34415584415553757
0.07797433,0.12128146453089245,0.6385542168674698,0.34460338101399757
0.07798501,0.12155963302752294,0.6385542168674698,0.34505208333302656
0.07807045,0.12183908045977011,0.6385542168674698,0.3455019556711403
0.07838331,0.12211981566820276,0.6385542168674698,0.3459530026106591
0.078580454,0.12240184757505773,0.6385542168674698,0.3464052287578628
0.07872604,0.12268518518518519,0.6385542168674698,0.3468586387431483
0.078997605,0.12296983758700696,0.6385542168674698,0.3473132372211868
0.07944252,0.12325581395348838,0.6385542168674698,0.3477690288710837
0.07963142,0.12354312354312354,0.6385542168674698,0.3482260183965388
0.079994895,0.12383177570093458,0.6385542168674698,0.34868421052600823
0.08000979,0.12412177985948478,0.6385542168674698,0.3491436100128676
0.08008778,0.12206572769953052,0.6265060240963856,0.34300791556697463
0.080285035,0.1223529411764706,0.6265060240963856,0.34346103038278336
0.08043993,0.12264150943396226,0.6265060240963856,0.343915343915036
0.08047092,0.12293144208037825,0.6265060240963856,0.3443708609268443
0.080664486,0.12322274881516587,0.6265060240963856,0.34482758620658843
0.080672994,0.12351543942992874,0.6265060240963856,0.34528552456808487
0.08068063,0.12380952380952381,0.6265060240963856,0.3457446808507556
0.08082553,0.12410501193317422,0.6265060240963856,0.3462050599197982
0.08095346,0.12440191387559808,0.6265060240963856,0.3466666666663583
0.08097101,0.12470023980815348,0.6265060240963856,0.34712950600770215
0.08120271,0.125,0.6265060240963856,0.34759358288739195
0.08122382,0.12530120481927712,0.6265060240963856,0.34805890227546105
0.08157924,0.12560386473429952,0.6265060240963856,0.34852546916859206
0.08167704,0.12590799031476999,0.6265060240963856,0.34899328859029516
0.081758425,0.1262135922330097,0.6265060240963856,0.3494623655910889
0.08182411,0.12652068126520682,0.6265060240963856,0.34993270524868164
0.081980735,0.12682926829268293,0.6265060240963856,0.3504043126681545
0.08227906,0.12469437652811736,0.6144578313253012,0.34412955465556133
0.08252341,0.125,0.6144578313253012,0.3445945945942853
0.08274666,0.12530712530712532,0.6144578313253012,0.3450608930984728
0.08276751,0.12561576354679804,0.6144578313253012,0.3455284552842435
0.082781106,0.1259259259259259,0.6144578313253012,0.34599728629548426
0.08282061,0.12623762376237624,0.6144578313253012,0.34646739130403825
0.08297259,0.12406947890818859,0.6024096385542169,0.3401360544214591
0.08307019,0.12437810945273632,0.6024096385542169,0.34059945504056227
0.08310514,0.12468827930174564,0.6024096385542169,0.34106412005426057
0.083111875,0.125,0.6024096385542169,0.3415300546444989
0.083376355,0.12531328320802004,0.6024096385542169,0.341997264021578
0.08388152,0.12562814070351758,0.6024096385542169,0.3424657534243476
0.08394343,0.12594458438287154,0.6024096385542169,0.34293552812040323
0.08433537,0.12626262626262627,0.6024096385542169,0.3434065934062833
0.08476359,0.12658227848101267,0.6024096385542169,0.3438789546076679
0.08480086,0.12690355329949238,0.6024096385542169,0.3443526170795796
0.085117534,0.1272264631043257,0.6024096385542169,0.34482758620658627
0.085143976,0.12755102040816327,0.6024096385542169,0.34530386740300456
0.08625766,0.1278772378516624,0.6024096385542169,0.3457814661131059
0.086479336,0.1282051282051282,0.6024096385542169,0.3462603878113239
0.08649962,0.12853470437017994,0.6024096385542169,0.3467406380024633
0.08677049,0.12886597938144329,0.6024096385542169,0.34722222222191157
0.08693327,0.12919896640826872,0.6024096385542169,0.34770514603585057
0.087306015,0.12694300518134716,0.5903614457831325,0.34122562674063633
0.08736114,0.12727272727272726,0.5903614457831325,0.34170153416984256
0.08741986,0.12760416666666666,0.5903614457831325,0.34217877094940974
0.08759221,0.1279373368146214,0.5903614457831325,0.3426573426570317
0.08787932,0.12827225130890052,0.5903614457831325,0.3431372549016498
0.08792423,0.12860892388451445,0.5903614457831325,0.3436185133236722
0.08798824,0.12894736842105264,0.5903614457831325,0.34410112359519457
0.08836687,0.12928759894459102,0.5903614457831325,0.34458509142022326
0.08858365,0.12962962962962962,0.5903614457831325,0.3450704225349001
0.08870921,0.129973474801061,0.5903614457831325,0.34555712270772826
0.088744275,0.13031914893617022,0.5903614457831325,0.34604519773980175
0.08886955,0.13066666666666665,0.5903614457831325,0.34653465346503515
0.088889666,0.13101604278074866,0.5903614457831325,0.34702549575039676
0.08898664,0.13136729222520108,0.5903614457831325,0.3475177304961424
0.08925736,0.13172043010752688,0.5903614457831325,0.3480113636360521
0.08993879,0.1320754716981132,0.5903614457831325,0.34850640113766845
0.09024617,0.13243243243243244,0.5903614457831325,0.34900284900253736
0.09049339,0.13279132791327913,0.5903614457831325,0.3495007132664501
0.090793155,0.1331521739130435,0.5903614457831325,0.3499999999996882
0.0910763,0.1335149863760218,0.5903614457831325,0.3505007153072705
0.09117668,0.13387978142076504,0.5903614457831325,0.35100286532920116
0.09165379,0.13150684931506848,0.5783132530120482,0.344332855092945
0.091952905,0.13186813186813187,0.5783132530120482,0.34482758620658466
0.091958456,0.1322314049586777,0.5783132530120482,0.3453237410068823
0.092004135,0.13259668508287292,0.5783132530120482,0.345821325648103
0.09203345,0.1329639889196676,0.5783132530120482,0.34632034632003444
0.09237153,0.13333333333333333,0.5783132530120482,0.3468208092482429
0.09284989,0.13370473537604458,0.5783132530120482,0.3473227206943334
0.09288364,0.1340782122905028,0.5783132530120482,0.34782608695620965
0.09304,0.13445378151260504,0.5783132530120482,0.3483309143683381
0.09313088,0.1348314606741573,0.5783132530120482,0.3488372093020134
0.093175985,0.1323943661971831,0.5662650602409639,0.3420669577871696
0.09322487,0.1327683615819209,0.5662650602409639,0.34256559766732625
0.09367612,0.13314447592067988,0.5662650602409639,0.3430656934303447
0.09476078,0.13352272727272727,0.5662650602409639,0.34356725146167605
0.094816186,0.1339031339031339,0.5662650602409639,0.344070278184168
0.09546352,0.13428571428571429,0.5662650602409639,0.3445747800583387
0.09609842,0.1346704871060172,0.5662650602409639,0.3450807635826538
0.09614644,0.13505747126436782,0.5662650602409639,0.3455882352938053
0.09688105,0.13544668587896252,0.5662650602409639,0.34609720176699243
0.09702961,0.13583815028901733,0.5662650602409639,0.34660766961620676
0.09732232,0.13623188405797101,0.5662650602409639,0.34711964549451774
0.09833997,0.13372093023255813,0.5542168674698795,0.34023668639022014
0.09942044,0.13411078717201166,0.5542168674698795,0.3407407407404282
0.09946771,0.13450292397660818,0.5542168674698795,0.34124629080087454
0.09957206,0.1348973607038123,0.5542168674698795,0.3417533432389149
0.09973111,0.13529411764705881,0.5542168674698795,0.3422619047615922
0.09982637,0.13569321533923304,0.5542168674698795,0.34277198211593196
0.09989728,0.13609467455621302,0.5542168674698795,0.34328358208923976
0.10011151,0.13649851632047477,0.5542168674698795,0.3437967115094035
0.10059862,0.13690476190476192,0.5542168674698795,0.34431137724519645
0.1009718,0.1373134328358209,0.5542168674698795,0.344827586206584
0.10108628,0.1377245508982036,0.5542168674698795,0.3453453453450328
0.101344906,0.13813813813813813,0.5542168674698795,0.3458646616538228
0.10173093,0.13855421686746988,0.5542168674698795,0.34638554216836215
0.10218939,0.13897280966767372,0.5542168674698795,0.34690799396650496
0.102224514,0.1393939393939394,0.5542168674698795,0.34743202416887176
0.10234818,0.1398176291793313,0.5542168674698795,0.34795763993917306
0.102447405,0.1402439024390244,0.5542168674698795,0.348484848484536
0.10254384,0.13761467889908258,0.5421686746987951,0.3414264036415692
0.10270254,0.13803680981595093,0.5421686746987951,0.34194528875348684
0.10291022,0.13846153846153847,0.5421686746987951,0.34246575342434504
0.10318765,0.1388888888888889,0.5421686746987951,0.3429878048777363
0.103266,0.1393188854489164,0.5421686746987951,0.34351145038136693
0.10342452,0.13975155279503104,0.5421686746987951,0.34403669724739394
0.10359377,0.14018691588785046,0.5421686746987951,0.3445635528327657
0.1042573,0.140625,0.5421686746987951,0.34509202453956483
0.104354516,0.14106583072100312,0.5421686746987951,0.3456221198153558
0.104358405,0.14150943396226415,0.5421686746987951,0.34615384615353373
0.1044418,0.14195583596214512,0.5421686746987951,0.3466872110936784
0.10462192,0.14240506329113925,0.5421686746987951,0.3472222222219099
0.10495402,0.14285714285714285,0.5421686746987951,0.34775888717124875
0.104997754,0.14331210191082802,0.5421686746987951,0.34829721362197874
0.10547739,0.14376996805111822,0.5421686746987951,0.34883720930201334
0.105611965,0.14423076923076922,0.5421686746987951,0.3493788819872654
0.10565686,0.1414790996784566,0.5301204819277109,0.34214618973530214
0.10567556,0.14193548387096774,0.5301204819277109,0.34267912772554454
0.10595032,0.1423948220064725,0.5301204819277109,0.34321372854882987
0.10631636,0.14285714285714285,0.5301204819277109,0.34374999999968786
0.106862664,0.14332247557003258,0.5301204819277109,0.34428794992144074
0.10695729,0.1437908496732026,0.5301204819277109,0.3448275862065845
0.10703475,0.14426229508196722,0.5301204819277109,0.34536891679717624
0.10730402,0.14473684210526316,0.5301204819277109,0.3459119496852227
0.10865767,0.14521452145214522,0.5301204819277109,0.34645669291307396
0.1087142,0.1456953642384106,0.5301204819277109,0.3470031545738207
0.10872437,0.1461794019933555,0.5301204819277109,0.3475513428116946
0.10955744,0.14666666666666667,0.5301204819277109,0.3481012658224731
0.109774254,0.14715719063545152,0.5301204819277109,0.34865293185388807
0.110076204,0.1476510067114094,0.5301204819277109,0.34920634920603766
0.11015708,0.14814814814814814,0.5301204819277109,0.34976152623180295
0.11026068,0.14864864864864866,0.5301204819277109,0.3503184713372681
0.11042983,0.14915254237288136,0.5301204819277109,0.3508771929821447
0.11059105,0.14965986394557823,0.5301204819277109,0.3514376996801998
0.11170498,0.15017064846416384,0.5301204819277109,0.35199999999968873
0.11188153,0.1506849315068493,0.5301204819277109,0.3525641025637913
0.11215735,0.15120274914089346,0.5301204819277109,0.3531300160510532
0.11298004,0.15172413793103448,0.5301204819277109,0.35369774919583036
0.11312937,0.1522491349480969,0.5301204819277109,0.35426731078873896
0.11359939,0.1527777777777778,0.5301204819277109,0.35483870967710845
0.11378143,0.15331010452961671,0.5301204819277109,0.3554119547654403
0.11429209,0.15384615384615385,0.5301204819277109,0.35598705501587047
0.114502385,0.1543859649122807,0.5301204819277109,0.35656401944863586
0.11492281,0.15492957746478872,0.5301204819277109,0.3571428571425465
0.1151136,0.15547703180212014,0.5301204819277109,0.35772357723546183
0.11545908,0.15602836879432624,0.5301204819277109,0.358306188924771
0.115583956,0.15302491103202848,0.5180722891566265,0.35073409461632915
0.11579975,0.15357142857142858,0.5180722891566265,0.3513071895421734
0.116996646,0.15412186379928317,0.5180722891566265,0.35188216039248854
0.11718673,0.1510791366906475,0.5060240963855421,0.3442622950816571
0.1172786,0.148014440433213,0.4939759036144578,0.3366174055826128
0.11752299,0.14855072463768115,0.4939759036144578,0.33717105263126906
0.11819184,0.14909090909090908,0.4939759036144578,0.33772652388766383
0.119308196,0.14963503649635038,0.4939759036144578,0.3382838283825286
0.11983792,0.15018315018315018,0.4939759036144578,0.33884297520630197
0.12001205,0.15073529411764705,0.4939759036144578,0.3394039735096243
0.120830275,0.15129151291512916,0.4939759036144578,0.3399668325038366
0.120852016,0.15185185185185185,0.4939759036144578,0.34053156146148483
0.12113897,0.1524163568773234,0.4939759036144578,0.341098169716829
0.12147257,0.15298507462686567,0.4939759036144578,0.34166666666635775
0.121493965,0.15355805243445692,0.4939759036144578,0.3422370617693071
0.12170311,0.15037593984962405,0.4819277108433735,0.3344481605348083
0.12219166,0.1509433962264151,0.4819277108433735,0.33500837520907156
0.1230086,0.15151515151515152,0.4819277108433735,0.33557046979834926
0.12376229,0.1520912547528517,0.4819277108433735,0.3361344537812042
0.12405751,0.15267175572519084,0.4819277108433735,0.3367003367000286
0.12477115,0.1532567049808429,0.4819277108433735,0.3372681281615806
0.12480174,0.15384615384615385,0.4819277108433735,0.33783783783752996
0.12491896,0.15444015444015444,0.4819277108433735,0.33840947546500527
0.12511905,0.15503875968992248,0.4819277108433735,0.3389830508471501
0.12549016,0.1556420233463035,0.4819277108433735,0.3395585738536823
0.12557967,0.15625,0.4819277108433735,0.34013605442146144
0.12559442,0.1568627450980392,0.4819277108433735,0.3407155025550591
0.12597415,0.15748031496062992,0.4819277108433735,0.34129692832733804
0.12612905,0.15810276679841898,0.4819277108433735,0.341880341880035
0.12613279,0.15873015873015872,0.4819277108433735,0.34246575342435087
0.12614544,0.1593625498007968,0.4819277108433735,0.34305317324154594
0.12684086,0.16,0.4819277108433735,0.34364261168354254
0.12776728,0.1606425702811245,0.4819277108433735,0.34423407917353205
0.12794188,0.16129032258064516,0.4819277108433735,0.34482758620659054
0.12801796,0.16194331983805668,0.4819277108433735,0.34542314335029867
0.1280748,0.16260162601626016,0.4819277108433735,0.3460207612453691
0.12840064,0.16326530612244897,0.4819277108433735,0.34662045060628033
0.1285776,0.16393442622950818,0.4819277108433735,0.34722222222191695
0.12956157,0.16049382716049382,0.46987951807228917,0.33913043478230365
0.12969486,0.16115702479338842,0.46987951807228917,0.33972125435509587
0.12985055,0.15767634854771784,0.4578313253012048,0.3315881326349484
0.13013329,0.15833333333333333,0.4578313253012048,0.3321678321675277
0.13031158,0.1589958158995816,0.4578313253012048,0.33274956217132445
0.13074996,0.15966386554621848,0.4578313253012048,0.33333333333302934
0.13161917,0.16033755274261605,0.4578313253012048,0.33391915641445896
0.13201484,0.16101694915254236,0.4578313253012048,0.3345070422532175
0.13210659,0.16170212765957448,0.4578313253012048,0.33509700176336504
0.13238429,0.1623931623931624,0.4578313253012048,0.3356890459360926
0.13281898,0.1630901287553648,0.4578313253012048,0.336283185840405
0.13370912,0.16379310344827586,0.4578313253012048,0.33687943262381076
0.13382086,0.1645021645021645,0.4578313253012048,0.337477797513019
0.13410929,0.16521739130434782,0.4578313253012048,0.3380782918146444
0.13431557,0.16593886462882096,0.4578313253012048,0.33868092691591906
0.13470478,0.16666666666666666,0.4578313253012048,0.3392857142854125
0.13481791,0.16299559471365638,0.4457831325301205,0.33094812164549453
0.13495621,0.16371681415929204,0.4457831325301205,0.3315412186376916
0.1355308,0.16444444444444445,0.4457831325301205,0.3321364452420688
0.13558578,0.16517857142857142,0.4457831325301205,0.33273381294933946
0.13562965,0.16591928251121077,0.4457831325301205,0.3333333333330329
0.13566142,0.16666666666666666,0.4457831325301205,0.33393501805024123
0.136125,0.167420814479638,0.4457831325301205,0.3345388788423763
0.13623747,0.16818181818181818,0.4457831325301205,0.3351449275359323
0.13827094,0.1689497716894977,0.4457831325301205,0.3357531760432577
0.13850617,0.16972477064220184,0.4457831325301205,0.3363636363633372
0.13888295,0.17050691244239632,0.4457831325301205,0.3369763205825792
0.13917619,0.1712962962962963,0.4457831325301205,0.3375912408756138
0.13924319,0.17209302325581396,0.4457831325301205,0.33820840950610037
0.13953109,0.17289719626168223,0.4457831325301205,0.3388278388275408
0.139663,0.17370892018779344,0.4457831325301205,0.3394495412841061
0.14006197,0.17452830188679244,0.4457831325301205,0.3400735294114674
0.14113548,0.17535545023696683,0.4457831325301205,0.3406998158376404
0.14153934,0.17142857142857143,0.43373493975903615,0.3321033210329136
0.14181942,0.1722488038277512,0.43373493975903615,0.3327171903878737
0.14223397,0.17307692307692307,0.43373493975903615,0.3333333333330373
0.14260045,0.16908212560386474,0.42168674698795183,0.32467532467502896
0.14281124,0.16990291262135923,0.42168674698795183,0.3252788104086266
0.14358623,0.17073170731707318,0.42168674698795183,0.32588454376134374
0.14534001,0.1715686274509804,0.42168674698795183,0.3264925373131381
0.14547393,0.1724137931034483,0.42168674698795183,0.3271028037380234
0.14669734,0.17326732673267325,0.42168674698795183,0.3277153558049494
0.14733489,0.17412935323383086,0.42168674698795183,0.32833020637869326
0.14740805,0.175,0.42168674698795183,0.32894736842075933
0.14743571,0.17587939698492464,0.42168674698795183,0.32956685499029087
0.14937055,0.17676767676767677,0.42168674698795183,0.3301886792449905
0.14959374,0.17766497461928935,0.42168674698795183,0.3308128544420519
0.1498757,0.17857142857142858,0.42168674698795183,0.33143939393910216
0.15075849,0.17435897435897435,0.40963855421686746,0.32258064516099894
0.15099135,0.17525773195876287,0.40963855421686746,0.3231939163495189
0.15177412,0.17616580310880828,0.40963855421686746,0.3238095238092331
0.15267661,0.17708333333333334,0.40963855421686746,0.32442748091574036
0.15314291,0.17801047120418848,0.40963855421686746,0.32504780114693765
0.15388179,0.17894736842105263,0.40963855421686746,0.3256704980840018
0.15389363,0.17989417989417988,0.40963855421686746,0.32629558541237896
0.15535179,0.18085106382978725,0.40963855421686746,0.3269230769227883
0.15600619,0.18181818181818182,0.40963855421686746,0.32755298651223597
0.15604697,0.1774193548387097,0.39759036144578314,0.31853281853253085
0.15652691,0.1783783783783784,0.39759036144578314,0.31914893616992546
0.15685771,0.1793478260869565,0.39759036144578314,0.31976744186017836
0.15835886,0.18032786885245902,0.39759036144578314,0.32038834951427675
0.15852411,0.1813186813186813,0.39759036144578314,0.32101167315146506
0.15874004,0.18232044198895028,0.39759036144578314,0.32163742690029934
0.15946735,0.18333333333333332,0.39759036144578314,0.322265624999715
0.15978244,0.18435754189944134,0.39759036144578314,0.3228962818001069
0.16009167,0.1853932584269663,0.39759036144578314,0.32352941176442185
0.16055883,0.1864406779661017,0.39759036144578314,0.3241650294692645
0.16192503,0.1875,0.39759036144578314,0.32480314960601614
0.16219378,0.18857142857142858,0.39759036144578314,0.32544378698196597
0.1623687,0.1839080459770115,0.3855421686746988,0.3162055335965559
0.16241345,0.18497109826589594,0.3855421686746988,0.3168316831680353
0.16324143,0.18604651162790697,0.3855421686746988,0.3174603174600365
0.16339606,0.1871345029239766,0.3855421686746988,0.31809145129196603
0.16419904,0.18823529411764706,0.3855421686746988,0.3187250996013137
0.16439095,0.1893491124260355,0.3855421686746988,0.31936127744483034
0.1651746,0.19047619047619047,0.3855421686746988,0.3199999999997212
0.16540772,0.19161676646706588,0.3855421686746988,0.3206412825648519
0.16578968,0.1927710843373494,0.3855421686746988,0.32128514056197116
0.16638434,0.19393939393939394,0.3855421686746988,0.3219315895369461
0.16682293,0.1951219512195122,0.3855421686746988,0.32258064516101365
0.1668699,0.19631901840490798,0.3855421686746988,0.32323232323204715
0.16829862,0.19753086419753085,0.3855421686746988,0.32388663967583786
0.16856194,0.19875776397515527,0.3855421686746988,0.3245436105473924
0.16856761,0.2,0.3855421686746988,0.325203252032246
0.16872503,0.20125786163522014,0.3855421686746988,0.3258655804477914
0.16872689,0.20253164556962025,0.3855421686746988,0.3265306122446249
0.16884473,0.20382165605095542,0.3855421686746988,0.3271983640079074
0.16959049,0.20512820512820512,0.3855421686746988,0.3278688524587445
0.16968964,0.2064516129032258,0.3855421686746988,0.3285420944555809
0.16971342,0.2077922077922078,0.3855421686746988,0.32921810699561416
0.17051055,0.20915032679738563,0.3855421686746988,0.32989690721622494
0.171526,0.21052631578947367,0.3855421686746988,0.33057851239642494
0.173216,0.2119205298013245,0.3855421686746988,0.3312629399583235
0.17397861,0.21333333333333335,0.3855421686746988,0.3319502074686117
0.17563432,0.2080536912751678,0.37349397590361444,0.322245322245055
0.17585956,0.20945945945945946,0.37349397590361444,0.32291666666640007
0.17696173,0.2108843537414966,0.37349397590361444,0.32359081419597624
0.1774208,0.21232876712328766,0.37349397590361444,0.324267782426513
0.17828847,0.21379310344827587,0.37349397590361444,0.324947589098268
0.17901208,0.20833333333333334,0.3614457831325301,0.3151260504199043
0.18014434,0.2097902097902098,0.3614457831325301,0.3157894736839475
0.1816911,0.2112676056338028,0.3614457831325301,0.3164556962022693
0.1818634,0.2127659574468085,0.3614457831325301,0.3171247357291253
0.18186796,0.21428571428571427,0.3614457831325301,0.3177966101692307
0.18230557,0.2158273381294964,0.3614457831325301,0.31847133757935775
0.18359253,0.21014492753623187,0.3493975903614458,0.30851063829761305
0.18453452,0.2116788321167883,0.3493975903614458,0.3091684434965432
0.18573347,0.20588235294117646,0.3373493975903614,0.2991452991450414
0.18641938,0.2,0.3253012048192771,0.28907922912179873
0.18660349,0.20149253731343283,0.3253012048192771,0.28969957081519454
0.18860525,0.19548872180451127,0.3132530120481928,0.279569892472863
0.1910254,0.19696969696969696,0.3132530120481928,0.28017241379284896
0.1915073,0.1984732824427481,0.3132530120481928,0.28077753779672265
0.19178617,0.19230769230769232,0.30120481927710846,0.27056277056251776
0.19186938,0.18604651162790697,0.2891566265060241,0.2603036876353229
0.1929736,0.1875,0.2891566265060241,0.2608695652171402
0.19321284,0.1889763779527559,0.2891566265060241,0.2614379084964818
0.19440548,0.19047619047619047,0.2891566265060241,0.26200873362420485
0.19453806,0.192,0.2891566265060241,0.2625820568925305
0.1955243,0.1935483870967742,0.2891566265060241,0.2631578947365946
0.19610856,0.1951219512195122,0.2891566265060241,0.2637362637360171
0.19696838,0.1885245901639344,0.27710843373493976,0.25330396475746364
0.19827263,0.19008264462809918,0.27710843373493976,0.2538631346575919
0.20117861,0.19166666666666668,0.27710843373493976,0.2544247787608182
0.20120993,0.19327731092436976,0.27710843373493976,0.25498891352525604
0.20161879,0.19491525423728814,0.27710843373493976,0.25555555555531373
0.20263909,0.19658119658119658,0.27710843373493976,0.2561247216033226
0.2055437,0.19827586206896552,0.27710843373493976,0.25669642857118874
0.2058493,0.2,0.27710843373493976,0.25727069351206533
0.20631391,0.19298245614035087,0.26506024096385544,0.24663677130021058
0.2070245,0.19469026548672566,0.26506024096385544,0.24719101123571824
0.20759465,0.19642857142857142,0.26506024096385544,0.24774774774751193
0.20761439,0.1981981981981982,0.26506024096385544,0.2483069977424289
0.2076257,0.2,0.26506024096385544,0.24886877828030932
0.20835221,0.2018348623853211,0.26506024096385544,0.24943310657573117
0.20976451,0.2037037037037037,0.26506024096385544,0.24999999999976846
0.21264207,0.205607476635514,0.26506024096385544,0.2505694760817741
0.21361075,0.20754716981132076,0.26506024096385544,0.2511415525111862
0.21424739,0.20952380952380953,0.26506024096385544,0.2517162471393599
0.21459755,0.21153846153846154,0.26506024096385544,0.2522935779814243
0.21506096,0.21359223300970873,0.26506024096385544,0.2528735632181649
0.21507789,0.21568627450980393,0.26506024096385544,0.253456221197932
0.21529815,0.21782178217821782,0.26506024096385544,0.2540415704385755
0.2158953,0.21,0.25301204819277107,0.24305555555533317
0.21597917,0.20202020202020202,0.24096385542168675,0.23201856148469763
0.21620467,0.20408163265306123,0.24096385542168675,0.23255813953466378
0.21791759,0.20618556701030927,0.24096385542168675,0.23310023310001432
0.21882041,0.19791666666666666,0.2289156626506024,0.22196261682221236
0.22014368,0.2,0.2289156626506024,0.22248243559697342
0.22053073,0.20212765957446807,0.2289156626506024,0.2230046948354657
0.22162484,0.20430107526881722,0.2289156626506024,0.22352941176449215
0.22261295,0.20652173913043478,0.2289156626506024,0.22405660377337247
0.22298521,0.2087912087912088,0.2289156626506024,0.22458628841586456
0.22540906,0.2,0.21686746987951808,0.21327014217988502
0.22643326,0.19101123595505617,0.20481927710843373,0.20190023752948283
0.22687106,0.19318181818181818,0.20481927710843373,0.20238095238074533
0.2287747,0.19540229885057472,0.20481927710843373,0.2028639618136368
0.2297669,0.19767441860465115,0.20481927710843373,0.20334928229644644
0.23068568,0.2,0.20481927710843373,0.20383693045543258
0.2308389,0.20238095238095238,0.20481927710843373,0.2043269230767216
0.2366442,0.20481927710843373,0.20481927710843373,0.20481927710823372
0.23785189,0.2073170731707317,0.20481927710843373,0.2053140096616372
0.23785238,0.20987654320987653,0.20481927710843373,0.20581113801433074
0.23794062,0.2125,0.20481927710843373,0.20631067961145488
0.23877285,0.21518987341772153,0.20481927710843373,0.2068126520679324
0.23924306,0.20512820512820512,0.1927710843373494,0.19512195121931963
0.242106,0.2077922077922078,0.1927710843373494,0.19559902200469897
0.24365836,0.21052631578947367,0.1927710843373494,0.19607843137235953
0.24854645,0.21333333333333335,0.1927710843373494,0.19656019656000864
0.24870342,0.21621621621621623,0.1927710843373494,0.19704433497518314
0.25292015,0.2054794520547945,0.18072289156626506,0.18518518518500046
0.25316057,0.19444444444444445,0.1686746987951807,0.17326732673249018
0.26065496,0.19718309859154928,0.1686746987951807,0.17369727047128258
0.26088184,0.18571428571428572,0.1566265060240964,0.16169154228837748
0.26250896,0.18840579710144928,0.1566265060240964,0.16209476309209128
0.2631713,0.19117647058823528,0.1566265060240964,0.16249999999982365
0.26377454,0.1791044776119403,0.14457831325301204,0.15037593984944939
0.2672787,0.18181818181818182,0.14457831325301204,0.1507537688440482
0.26813245,0.18461538461538463,0.14457831325301204,0.1511335012592747
0.2701393,0.1875,0.14457831325301204,0.15151515151498213
0.27540365,0.1746031746031746,0.13253012048192772,0.13924050632894638
0.2800103,0.1774193548387097,0.13253012048192772,0.13959390862927593
0.28186774,0.18032786885245902,0.13253012048192772,0.13994910941459437
0.28216675,0.18333333333333332,0.13253012048192772,0.14030612244881757
0.28244168,0.1864406779661017,0.13253012048192772,0.1406649616366685
0.28341874,0.1896551724137931,0.13253012048192772,0.14102564102548282
0.28547037,0.19298245614035087,0.13253012048192772,0.14138817480704163
0.28863466,0.19642857142857142,0.13253012048192772,0.14175257731943328
0.29157192,0.2,0.13253012048192772,0.14211886304894322
0.29568174,0.18518518518518517,0.12048192771084337,0.1295336787563263
0.29936647,0.18867924528301888,0.12048192771084337,0.12987012986998148
0.30064207,0.17307692307692307,0.10843373493975904,0.11718749999985366
0.30231902,0.17647058823529413,0.10843373493975904,0.11749347258471213
0.30252764,0.18,0.10843373493975904,0.11780104712027664
0.3035484,0.1836734693877551,0.10843373493975904,0.11811023622033234
0.30424237,0.1875,0.10843373493975904,0.118421052631441
0.30710804,0.19148936170212766,0.10843373493975904,0.1187335092346927
0.30879205,0.1956521739130435,0.10843373493975904,0.11904761904748545
0.312728,0.2,0.10843373493975904,0.11936339522533279
0.3150501,0.20454545454545456,0.10843373493975904,0.11968085106370062
0.31778237,0.18604651162790697,0.0963855421686747,0.10666666666653979
0.32149094,0.19047619047619047,0.0963855421686747,0.10695187165762941
0.3263395,0.17073170731707318,0.08433734939759036,0.0938337801607356
0.32947356,0.175,0.08433734939759036,0.09408602150525641
0.3317877,0.1794871794871795,0.08433734939759036,0.09433962264139183
0.33426747,0.18421052631578946,0.08433734939759036,0.0945945945944794
0.33797342,0.1891891891891892,0.08433734939759036,0.09485094850937234
0.34889704,0.19444444444444445,0.08433734939759036,0.09510869565206358
0.35146728,0.2,0.08433734939759036,0.0953678474113363
0.35406056,0.20588235294117646,0.08433734939759036,0.09562841530044112
0.3583151,0.21212121212121213,0.08433734939759036,0.0958904109588013
0.36013588,0.21875,0.08433734939759036,0.09615384615374593
0.36542955,0.22580645161290322,0.08433734939759036,0.0964187327822715
0.3670544,0.23333333333333334,0.08433734939759036,0.09668508287283317
0.3674759,0.2413793103448276,0.08433734939759036,0.09695290858716525
0.36815587,0.21428571428571427,0.07228915662650602,0.08333333333324366
0.3702741,0.2222222222222222,0.07228915662650602,0.08356545960994093
0.3820364,0.23076923076923078,0.07228915662650602,0.08379888268148006
0.3828752,0.24,0.07228915662650602,0.08403361344529674
0.3862484,0.25,0.07228915662650602,0.08426966292126972
0.3891826,0.2608695652173913,0.07228915662650602,0.08450704225344538
0.3949225,0.2727272727272727,0.07228915662650602,0.08474576271179154
0.39501834,0.2857142857142857,0.07228915662650602,0.08498583569398103
0.39632356,0.25,0.060240963855421686,0.07102272727266026
0.41235662,0.2631578947368421,0.060240963855421686,0.07122507122500721
0.42004517,0.2777777777777778,0.060240963855421686,0.07142857142851043
0.42149153,0.29411764705882354,0.060240963855421686,0.07163323782229164
0.4351046,0.3125,0.060240963855421686,0.07183908045971528
0.44418302,0.3333333333333333,0.060240963855421686,0.07204610951003475
0.4464644,0.35714285714285715,0.060240963855421686,0.07225433526006707
0.4472194,0.3076923076923077,0.04819277108433735,0.0579710144927083
0.44961542,0.3333333333333333,0.04819277108433735,0.05813953488367885
0.44972843,0.36363636363636365,0.04819277108433735,0.05830903790083584
0.45187575,0.4,0.04819277108433735,0.05847953216370721
0.4596822,0.4444444444444444,0.04819277108433735,0.05865102639292977
0.4608135,0.5,0.04819277108433735,0.05882352941173598
0.47949666,0.5714285714285714,0.04819277108433735,0.05899705014746734
0.5566414,0.5,0.03614457831325301,0.044378698224830274
0.56533223,0.6,0.03614457831325301,0.044510385756658284
0.56805956,0.75,0.03614457831325301,0.04464285714284243
0.65261644,0.6666666666666666,0.024096385542168676,0.029850746268645624
0.6687983,0.5,0.012048192771084338,0.014970059880232079
0.77990144,1.0,0.012048192771084338,0.015015015015011271
