Feature,Importance
feature_271,0.052713513
feature_489,0.039907873
feature_199,0.03346046
feature_470,0.029924842
feature_130,0.021333443
feature_319,0.020673437
feature_31,0.019765083
feature_9,0.017718777
feature_320,0.015330959
feature_182,0.015284845
feature_55,0.015053022
feature_343,0.01453043
feature_411,0.014251829
feature_103,0.013790371
feature_150,0.012812832
feature_53,0.012425806
feature_7,0.01173156
feature_202,0.011699726
feature_214,0.010969254
feature_433,0.010368052
feature_66,0.01032838
feature_56,0.010078389
feature_124,0.009802984
feature_556,0.009687342
feature_129,0.009661291
feature_553,0.009208154
feature_341,0.00908714
feature_81,0.009009787
feature_39,0.008990296
feature_480,0.0084364265
feature_272,0.00817077
feature_417,0.008145301
feature_565,0.007930833
feature_410,0.0077702263
feature_79,0.0076717474
feature_11,0.0076432982
feature_281,0.0075604483
feature_33,0.0075529823
feature_390,0.0074998722
feature_586,0.0074497997
feature_361,0.007286043
feature_20,0.0071478095
feature_459,0.006957418
feature_137,0.0069475356
feature_316,0.0068443757
feature_365,0.006837195
feature_577,0.0064862766
feature_84,0.0064413855
feature_30,0.0062908693
feature_161,0.006179668
feature_575,0.0060650357
feature_392,0.006055394
feature_416,0.0060120826
feature_153,0.005891964
feature_32,0.005862678
feature_555,0.0058021867
feature_21,0.00573715
feature_574,0.0053300993
feature_488,0.00507324
feature_123,0.005050795
feature_131,0.005023168
feature_357,0.0050025
feature_354,0.00483177
feature_168,0.0047894395
feature_26,0.0047786776
feature_27,0.0047128336
feature_64,0.004656391
feature_280,0.004652056
feature_59,0.00462689
feature_12,0.0046222424
feature_560,0.0045934785
feature_497,0.004550322
feature_102,0.0045411238
feature_47,0.0045257416
feature_218,0.0042947005
feature_286,0.00428667
feature_238,0.0041871252
feature_500,0.0041271714
feature_115,0.0039584986
feature_176,0.0038834512
feature_99,0.003824953
feature_143,0.0037573373
feature_477,0.0037488176
feature_217,0.003727876
feature_83,0.003703688
feature_274,0.0036857938
feature_557,0.0035846734
feature_573,0.0035350197
feature_212,0.0034349551
feature_425,0.0033982734
feature_270,0.003356039
feature_336,0.0032883945
feature_471,0.0032554849
feature_366,0.0032310341
feature_133,0.0031360525
feature_185,0.0031299386
feature_362,0.0030932869
feature_408,0.002984094
feature_222,0.002979305
feature_10,0.0029337187
feature_170,0.0029090454
feature_19,0.0028613764
feature_587,0.0028132128
feature_569,0.0027138782
feature_453,0.0027049608
feature_551,0.0026508912
feature_213,0.0025950782
feature_291,0.0023401063
feature_116,0.0023367468
feature_114,0.002294075
feature_333,0.0022537445
feature_254,0.0021101385
feature_547,0.0020791711
feature_136,0.0020591929
feature_91,0.0020332742
feature_253,0.001971318
feature_67,0.0019568976
feature_299,0.0019526022
feature_250,0.0018711329
feature_8,0.0017955017
feature_147,0.001770284
feature_122,0.0017233405
feature_57,0.0016999211
feature_571,0.0016910355
feature_298,0.0016840926
feature_491,0.0016343358
feature_482,0.001629987
feature_61,0.0016294403
feature_77,0.0016210658
feature_418,0.001606564
feature_473,0.001574298
feature_307,0.0015639311
feature_65,0.0014851936
feature_296,0.0014813583
feature_352,0.0014715008
feature_165,0.0014712816
feature_63,0.0014368711
feature_431,0.0014343407
feature_441,0.0013917565
feature_119,0.001360406
feature_468,0.0013370666
feature_351,0.0013356715
feature_203,0.0013325588
feature_118,0.0013023277
feature_423,0.0012965326
feature_546,0.0012425331
feature_338,0.0012309687
feature_460,0.0012084107
feature_287,0.0011835339
feature_224,0.0011757205
feature_95,0.0011705165
feature_437,0.0011625126
feature_107,0.0011371186
feature_225,0.0011076619
feature_16,0.0010979046
feature_25,0.0010967373
feature_92,0.0010721999
feature_440,0.0010441213
feature_87,0.001032615
feature_164,0.0010242024
feature_183,0.0010210979
feature_267,0.00099955
feature_181,0.0009749439
feature_15,0.0009702615
feature_302,0.00096993777
feature_148,0.00096078747
feature_490,0.00095906074
feature_511,0.00095751794
feature_0,0.0009524478
feature_356,0.0009523666
feature_406,0.00093712454
feature_121,0.00092537253
feature_167,0.0009090617
feature_413,0.000905771
feature_90,0.0008953274
feature_145,0.00089407276
feature_35,0.0008073446
feature_541,0.0007915207
feature_584,0.00076641387
feature_75,0.0007525191
feature_452,0.00072481507
feature_166,0.0007215137
feature_195,0.00071610877
feature_89,0.000703878
feature_86,0.00067112123
feature_175,0.000641528
feature_34,0.00063560146
feature_339,0.0006326215
feature_419,0.0005976095
feature_432,0.0005939208
feature_430,0.00057250157
feature_68,0.0005573807
feature_561,0.0005523256
feature_348,0.0005404446
feature_294,0.000529794
feature_589,0.0005243233
feature_436,0.0005103934
feature_204,0.000503074
feature_154,0.0005014372
feature_117,0.0005007884
feature_132,0.00049528957
feature_120,0.00048280513
feature_200,0.00045825727
feature_476,0.00044700468
feature_223,0.0004468858
feature_160,0.00043942203
feature_125,0.00040026216
feature_273,0.0003973654
feature_499,0.00038468934
feature_300,0.00036887862
feature_405,0.00036880854
feature_308,0.00035990178
feature_2,0.00035372394
feature_484,0.00035305216
feature_467,0.00035156426
feature_588,0.00034915635
feature_434,0.00034714895
feature_456,0.00034622324
feature_407,0.00033859318
feature_323,0.00032545216
feature_4,0.000314721
feature_548,0.0003134246
feature_479,0.0003087551
feature_469,0.00030029047
feature_289,0.00029479127
feature_227,0.00029092663
feature_324,0.0002898568
feature_28,0.00027754734
feature_51,0.00027477465
feature_344,0.0002721044
feature_487,0.00026779575
feature_3,0.00025244104
feature_162,0.00024390269
feature_41,0.00023993384
feature_105,0.00023532218
feature_585,0.00022932225
feature_486,0.00021564803
feature_321,0.00021372433
feature_142,0.00019840938
feature_93,0.0001966698
feature_388,0.00019573026
feature_184,0.00019148998
feature_285,0.00018899045
feature_350,0.00018898978
feature_128,0.00018773151
feature_562,0.00018678787
feature_391,0.00018411188
feature_288,0.00017451083
feature_48,0.0001744666
feature_78,0.00016740285
feature_205,0.00016697352
feature_126,0.00016598614
feature_435,0.00016484302
feature_442,0.00016297241
feature_367,0.00016089978
feature_475,0.00015993026
feature_219,0.00014651736
feature_563,0.00014493336
feature_282,0.00014227846
feature_334,0.00013710254
feature_100,0.00012995536
feature_349,0.00012830268
feature_355,0.0001257526
feature_58,0.00012482268
feature_332,0.00011962752
feature_135,0.00011754561
feature_570,0.00011153084
feature_177,0.000110095425
feature_540,0.00010915551
feature_38,0.0001020398
feature_495,0.00010173427
feature_310,9.674329e-05
feature_127,9.661336e-05
feature_359,9.453675e-05
feature_455,9.322296e-05
feature_363,9.1183814e-05
feature_113,8.777291e-05
feature_216,8.727376e-05
feature_485,8.6279324e-05
feature_6,8.5072905e-05
feature_180,8.206875e-05
feature_207,8.114424e-05
feature_210,7.861525e-05
feature_295,7.579381e-05
feature_172,7.3150964e-05
feature_70,7.314201e-05
feature_156,6.871948e-05
feature_428,6.440146e-05
feature_146,6.4180385e-05
feature_421,6.36446e-05
feature_524,6.3010964e-05
feature_152,5.8418074e-05
feature_163,5.7661273e-05
feature_446,5.644999e-05
feature_340,5.3739295e-05
feature_409,5.356789e-05
feature_439,5.349464e-05
feature_76,5.1643317e-05
feature_523,5.0981493e-05
feature_139,4.9669146e-05
feature_558,4.9035145e-05
feature_550,4.7656667e-05
feature_301,4.1975854e-05
feature_37,4.1468727e-05
feature_17,4.0817096e-05
feature_50,3.998871e-05
feature_279,3.830905e-05
feature_290,3.6688318e-05
feature_88,3.286401e-05
feature_80,2.9808563e-05
feature_448,2.8949971e-05
feature_572,2.7527012e-05
feature_45,2.6578224e-05
feature_197,2.5968717e-05
feature_554,2.2041562e-05
feature_283,8.293718e-06
feature_377,0.0
feature_386,0.0
feature_387,0.0
feature_360,0.0
feature_173,0.0
feature_353,0.0
feature_174,0.0
feature_196,0.0
feature_188,0.0
feature_376,0.0
feature_368,0.0
feature_208,0.0
feature_169,0.0
feature_171,0.0
feature_347,0.0
feature_187,0.0
feature_198,0.0
feature_215,0.0
feature_209,0.0
feature_304,0.0
feature_305,0.0
feature_306,0.0
feature_318,0.0
feature_311,0.0
feature_312,0.0
feature_201,0.0
feature_206,0.0
feature_331,0.0
feature_337,0.0
feature_342,0.0
feature_297,0.0
feature_303,0.0
feature_221,0.0
feature_309,0.0
feature_211,0.0
feature_582,0.0
feature_567,0.0
feature_228,0.0
feature_239,0.0
feature_248,0.0
feature_14,0.0
feature_568,0.0
feature_23,0.0
feature_566,0.0
feature_22,0.0
feature_18,0.0
feature_278,0.0
feature_277,0.0
feature_275,0.0
feature_583,0.0
feature_576,0.0
feature_255,0.0
feature_268,0.0
feature_269,0.0
feature_252,0.0
feature_249,0.0
feature_251,0.0
feature_317,0.0
feature_335,0.0
feature_140,0.0
feature_134,0.0
feature_144,0.0
feature_472,0.0
feature_94,0.0
feature_82,0.0
feature_457,0.0
feature_447,0.0
feature_445,0.0
feature_454,0.0
feature_429,0.0
feature_96,0.0
feature_444,0.0
feature_443,0.0
feature_98,0.0
feature_104,0.0
feature_101,0.0
feature_106,0.0
feature_108,0.0
feature_438,0.0
feature_415,0.0
feature_412,0.0
feature_159,0.0
feature_155,0.0
feature_389,0.0
feature_393,0.0
feature_151,0.0
feature_420,0.0
feature_138,0.0
feature_426,0.0
feature_427,0.0
feature_424,0.0
feature_478,0.0
feature_483,0.0
feature_60,0.0
feature_544,0.0
feature_543,0.0
feature_542,0.0
feature_539,0.0
feature_526,0.0
feature_527,0.0
feature_525,0.0
feature_521,0.0
feature_496,0.0
feature_522,0.0
feature_510,0.0
feature_520,0.0
feature_71,0.0
feature_74,0.0
feature_493,0.0
feature_494,0.0
feature_474,0.0
feature_62,0.0
feature_46,0.0
feature_545,0.0
feature_40,0.0
feature_549,0.0
feature_43,0.0
feature_44,0.0
feature_24,0.0
feature_54,0.0
feature_36,0.0
feature_29,0.0
feature_552,0.0
feature_559,0.0
feature_564,0.0
feature_1,0.0
